"/home/kevin/cadviewer-conversion-server/converters/files/Feda5ac062cc5da8f0d23cb007b5a3ba1fb5d9f9f.dwg",Conversion to SVG,1.14573,71336 Kb
"/home/kevin/cadviewer-conversion-server/converters/files/Fcd712160232ebf8425ba3b12c96d0d5469a66981.dwg",Conversion to SVG,1.15458,71240 Kb
"/home/kevin/cadviewer-conversion-server/converters/files/F7e4404b2ec080bb2226daa0ab2768ec09edd4cfc.dwg",Conversion to SVG,1.23536,71344 Kb
"/home/kevin/cadviewer-conversion-server/converters/files/F01ad3a72d24ac44ff7206b6f54729942c261a33c.dwg",Conversion to SVG,1.01957,71344 Kb
"/home/kevin/cadviewer-conversion-server/converters/files/F028947ab1d1e209d4c08a6e9828a78a3e3968fb3.dwg",Conversion to SVG,1.10878,71244 Kb
"/home/kevin/cadviewer-conversion-server/converters/files/Ffb0830f278b5c1d1a6cab7f3f86028057e36754d.dwg",Conversion to SVG,1.45964,71288 Kb
"/home/kevin/cadviewer-conversion-server/converters/files/Ff484114dbb127054088dfb0bedc8e5c0ab065d06.dwg",Conversion to SVG,1.18543,71296 Kb
"/home/kevin/cadviewer-conversion-server/converters/files/Fc7e9d4aced19e410ac8418fdd59a34c31cacab8c.dwg",Conversion to SVG,1.14807,71264 Kb
"/home/kevin/cadviewer-conversion-server/converters/files/Ff18ebb7899902cc1a897a55d3183334aaf1e7eb9.dwg",Conversion to SVG,1.22767,71152 Kb
"/home/kevin/cadviewer-conversion-server/converters/files/F4bffd79e4abd6dbe9aa79ca3dd4215c0c3cb1170.dwg",Conversion to SVG,1.9711,71276 Kb
"/home/kevin/cadviewer-conversion-server/converters/files/F9a6dc1f063be129292024b150d723ccea3035ae8.dwg",Conversion to SVG,1.35365,71248 Kb
"/home/kevin/cadviewer-conversion-server/converters/files/Ffb4cd02db2665647e466c5ae051c350658c64ce1.dwg",Conversion to SVG,1.13501,71352 Kb
"/home/kevin/cadviewer-conversion-server/converters/files/F700acec5a1eadb9cbc13a8370f9483143b380b1d.dwg",Conversion to SVG,1.16101,71288 Kb
"/home/kevin/cadviewer-conversion-server/converters/files/F78bb80b44038c7d69c37d7f60fab8ae99671ffa5.dwg",Conversion to SVG,1.1387,71288 Kb
"/home/kevin/cadviewer-conversion-server/converters/files/F692f0655b4b0a0f7a1e221554f5c80da76258bdf.dwg",Conversion to SVG,1.22618,71336 Kb
"/home/kevin/cadviewer-conversion-server/converters/files/F3a9efa7873ed846d68628e57c6312db8d938333a.dwg",Conversion to SVG,1.1293,71272 Kb
"/home/kevin/cadviewer-conversion-server/converters/files/F19eaaad112901dfbf48f9776736f1c75369fdf48.dwg",Conversion to SVG,1.33176,71300 Kb
"/home/kevin/cadviewer-conversion-server/converters/files/F9d96883ac101f76d307534bf5c455159f7478557.dwg",Conversion to SVG,1.21618,71336 Kb
"/home/kevin/cadviewer-conversion-server/converters/files/Fed0b19bdf53df1b00fe2a230a35685892f342d16.dwg",Conversion to SVG,1.22515,71272 Kb
"/home/kevin/cadviewer-conversion-server/converters/files/F162d621d334d23d6310da69d442ef15c3918706f.dwg",Conversion to SVG,1.19908,71288 Kb
"/home/kevin/cadviewer-conversion-server/converters/files/F909b27564aad2eb8b167b1a46be062c22669c286.dwg",Conversion to SVG,1.37783,71312 Kb
"/home/kevin/cadviewer-conversion-server/converters/files/Fcd61d9c98f7c9960e843a3f6697f3061a81bfdb5.dwg",Conversion to SVG,1.71546,71320 Kb
"/home/kevin/cadviewer-conversion-server/converters/files/F8ac4c3f437aa8cf3e1e2113a37f58d0d944aa8fc.dwg",Conversion to SVG,1.72232,71288 Kb
"/home/kevin/cadviewer-conversion-server/converters/files/F26a0cc0f727c1ffdbf857cffc0e0eb4d79ba90c1.dwg",Conversion to SVG,1.37163,71284 Kb
"/home/kevin/cadviewer-conversion-server/converters/files/F1eefd799149edf1e37adf6cbaa29929b581cdad4.dwg",Conversion to SVG,1.20438,71236 Kb
