cv_2,29E,,Line,""
cv_3,29F,,Line,""
cv_4,2A0,,Line,""
cv_5,2A1,,Line,""
cv_6,2D3,,Line,""
cv_7,2D6,,Line,""
cv_8,2D7,,Line,""
cv_9,2D8,,Line,""
cv_10,2D9,,Line,""
cv_13,2BA,,MText,""
cv_14,2BA,,MText,""
cv_17,2BA,,MText,""
cv_20,2D5,,MText,""
cv_21,2D5,,MText,""
cv_24,2A6,,MText,""
cv_26,2E1,,Line,""
cv_27,2E3,,Line,""
cv_28,327,,Line,""
cv_29,328,,Line,""
cv_30,32A,,Line,""
cv_33,2E2,,MText,""
cv_34,329,,MText,""
cv_36,357,,Line,""
cv_37,358,,Line,""
cv_38,35B,,Line,""
cv_39,35C,,Line,""
cv_40,35E,,Line,""
cv_43,359,,MText,""
cv_44,35D,,MText,""
cv_47,35F,,MText,""
