cv_2,FA942BAB614B,,Hatch,""
cv_3,FA942BAB614B,,Hatch,""
cv_4,FA942BAB614C,,Hatch,""
cv_5,FA942BAB614D,,Hatch,""
cv_6,FA942BAB614E,,Hatch,""
cv_7,FA942BAB6151,,Hatch,""
cv_8,FA942BAB6152,,Hatch,""
cv_9,FA942BAB6152,,Hatch,""
cv_10,FA942BAB6153,,Hatch,""
cv_11,FA942BAB6153,,Hatch,""
cv_12,FA942BAB6154,,Hatch,""
cv_13,FA942BAB6154,,Hatch,""
cv_14,FA942BAB6155,,Hatch,""
cv_15,FA942BAB6156,,Hatch,""
cv_16,FA942BAB6156,,Hatch,""
cv_17,FA942BAB6156,,Hatch,""
cv_18,FA942BAB6156,,Hatch,""
cv_19,FA942BAB6156,,Hatch,""
cv_20,FA942BAB6157,,Hatch,""
cv_21,FA942BAB6158,,Hatch,""
cv_22,FA942BAB6159,,Hatch,""
cv_23,FA942BAB615A,,Hatch,""
cv_24,FA942BAB615B,,Hatch,""
cv_25,FA942BAB615C,,Hatch,""
cv_26,FA942BAB615D,,Hatch,""
cv_27,FA942BAB615E,,Hatch,""
cv_28,FA942BAB615F,,Hatch,""
cv_29,FA942BAB6160,,Hatch,""
cv_30,FA942BAB6161,,Hatch,""
cv_31,FA942BAB6162,,Hatch,""
cv_32,FA942BAB6163,,Hatch,""
cv_33,FA942BAB6164,,Hatch,""
cv_34,FA942BAB6165,,Hatch,""
cv_35,FA942BAB6166,,Hatch,""
cv_36,FA942BAB6167,,Hatch,""
cv_37,FA942BAB8615,,Solid,""
cv_38,FA942BAB8616,,Solid,""
cv_39,FA942BAB8617,,Solid,""
cv_40,FA942BAB8618,,Solid,""
cv_41,FA942BAB8619,,Solid,""
cv_42,FA942BAB861A,,Solid,""
cv_44,FA942BAB6169,,Line,""
cv_45,FA942BAB616A,,Line,""
cv_46,FA942BAB616B,,Line,""
cv_47,FA942BAB616C,,Line,""
cv_48,FA942BAB616D,,Line,""
cv_49,FA942BAB616E,,Line,""
cv_50,FA942BAB616F,,Line,""
cv_51,FA942BAB6170,,Line,""
cv_52,FA942BAB6171,,Line,""
cv_53,FA942BAB6172,,Line,""
cv_54,FA942BAB6173,,Line,""
cv_55,FA942BAB6174,,Line,""
cv_56,FA942BAB6175,,Line,""
cv_57,FA942BAB6176,,Line,""
cv_58,FA942BAB6177,,Line,""
cv_59,FA942BAB6178,,Line,""
cv_60,FA942BAB6179,,Line,""
cv_61,FA942BAB617A,,Line,""
cv_62,FA942BAB617B,,Line,""
cv_63,FA942BAB617C,,Line,""
cv_64,FA942BAB617D,,Line,""
cv_65,FA942BAB617E,,Line,""
cv_66,FA942BAB617F,,Line,""
cv_67,FA942BAB6180,,Line,""
cv_68,FA942BAB6181,,Line,""
cv_69,FA942BAB6182,,Line,""
cv_70,FA942BAB6183,,Line,""
cv_71,FA942BAB6184,,Line,""
cv_72,FA942BAB6185,,Line,""
cv_73,FA942BAB6186,,Line,""
cv_74,FA942BAB6187,,Line,""
cv_75,FA942BAB6188,,Line,""
cv_76,FA942BAB6189,,Line,""
cv_77,FA942BAB618A,,Line,""
cv_78,FA942BAB618B,,Line,""
cv_79,FA942BAB618C,,Line,""
cv_80,FA942BAB618D,,Line,""
cv_81,FA942BAB618E,,Line,""
cv_82,FA942BAB618F,,Line,""
cv_83,FA942BAB6190,,Line,""
cv_84,FA942BAB6191,,Line,""
cv_85,FA942BAB6192,,Line,""
cv_86,FA942BAB6193,,Line,""
cv_87,FA942BAB6194,,Line,""
cv_88,FA942BAB6195,,Line,""
cv_89,FA942BAB6196,,Line,""
cv_90,FA942BAB6197,,Line,""
cv_91,FA942BAB6198,,Line,""
cv_92,FA942BAB6199,,Line,""
cv_93,FA942BAB619A,,Line,""
cv_94,FA942BAB619B,,Line,""
cv_95,FA942BAB619C,,Line,""
cv_96,FA942BAB619D,,Line,""
cv_97,FA942BAB619E,,Line,""
cv_98,FA942BAB619F,,Line,""
cv_99,FA942BAB61A0,,Line,""
cv_100,FA942BAB61A1,,Line,""
cv_101,FA942BAB61A2,,Line,""
cv_102,FA942BAB61A3,,Line,""
cv_103,FA942BAB61A4,,Line,""
cv_104,FA942BAB61A5,,Line,""
cv_105,FA942BAB61A6,,Line,""
cv_106,FA942BAB61A7,,Line,""
cv_107,FA942BAB61A8,,Line,""
cv_108,FA942BAB61A9,,Line,""
cv_109,FA942BAB61AA,,Line,""
cv_110,FA942BAB61AB,,Line,""
cv_111,FA942BAB61AC,,Line,""
cv_112,FA942BAB61AD,,Line,""
cv_113,FA942BAB61AE,,Line,""
cv_114,FA942BAB61AF,,Line,""
cv_115,FA942BAB61B0,,Line,""
cv_116,FA942BAB61B1,,Line,""
cv_117,FA942BAB61B2,,Line,""
cv_118,FA942BAB61B3,,Line,""
cv_119,FA942BAB61B4,,Line,""
cv_120,FA942BAB61B5,,Line,""
cv_121,FA942BAB61B6,,Line,""
cv_122,FA942BAB61B7,,Line,""
cv_123,FA942BAB61B8,,Line,""
cv_124,FA942BAB61B9,,Line,""
cv_125,FA942BAB61BA,,Line,""
cv_126,FA942BAB61BB,,Line,""
cv_127,FA942BAB61BC,,Line,""
cv_128,FA942BAB61BD,,Line,""
cv_129,FA942BAB61BE,,Line,""
cv_130,FA942BAB61BF,,Line,""
cv_131,FA942BAB61C0,,Line,""
cv_132,FA942BAB61C1,,Line,""
cv_133,FA942BAB61C2,,Line,""
cv_134,FA942BAB61C3,,Line,""
cv_135,FA942BAB61C4,,Line,""
cv_136,FA942BAB61C5,,Line,""
cv_137,FA942BAB61C6,,Line,""
cv_138,FA942BAB61C7,,Line,""
cv_139,FA942BAB61C8,,Line,""
cv_140,FA942BAB61C9,,Line,""
cv_141,FA942BAB61CA,,Line,""
cv_142,FA942BAB61CB,,Line,""
cv_143,FA942BAB61CC,,Line,""
cv_144,FA942BAB61CD,,Line,""
cv_145,FA942BAB61CE,,Line,""
cv_146,FA942BAB61CF,,Line,""
cv_147,FA942BAB61D0,,Line,""
cv_148,FA942BAB61D1,,Line,""
cv_149,FA942BAB61D2,,Line,""
cv_150,FA942BAB61D3,,Line,""
cv_151,FA942BAB61D4,,Line,""
cv_152,FA942BAB61D5,,Line,""
cv_153,FA942BAB61D6,,Line,""
cv_154,FA942BAB61D7,,Line,""
cv_155,FA942BAB61D8,,Line,""
cv_156,FA942BAB61D9,,Line,""
cv_157,FA942BAB61DA,,Line,""
cv_158,FA942BAB61DB,,Line,""
cv_159,FA942BAB61DC,,Line,""
cv_160,FA942BAB61DD,,Line,""
cv_161,FA942BAB61DE,,Line,""
cv_162,FA942BAB61DF,,Line,""
cv_163,FA942BAB61E0,,Line,""
cv_164,FA942BAB61E1,,Line,""
cv_165,FA942BAB61E2,,Line,""
cv_166,FA942BAB61E3,,Line,""
cv_167,FA942BAB61E4,,Line,""
cv_168,FA942BAB61E5,,Line,""
cv_169,FA942BAB61E6,,Line,""
cv_170,FA942BAB61E7,,Line,""
cv_171,FA942BAB61E8,,Line,""
cv_172,FA942BAB61E9,,Line,""
cv_173,FA942BAB61EA,,Line,""
cv_174,FA942BAB61EB,,Line,""
cv_175,FA942BAB61EC,,Line,""
cv_176,FA942BAB61ED,,Line,""
cv_177,FA942BAB61EE,,Line,""
cv_178,FA942BAB61EF,,Line,""
cv_179,FA942BAB61F0,,Line,""
cv_180,FA942BAB61F1,,Line,""
cv_181,FA942BAB61F2,,Line,""
cv_182,FA942BAB61F3,,Line,""
cv_183,FA942BAB61F4,,Line,""
cv_184,FA942BAB61F5,,Line,""
cv_185,FA942BAB61F6,,Line,""
cv_186,FA942BAB61F7,,Line,""
cv_187,FA942BAB61F8,,Line,""
cv_188,FA942BAB61F9,,Line,""
cv_189,FA942BAB61FA,,Line,""
cv_190,FA942BAB61FB,,Line,""
cv_191,FA942BAB61FC,,Line,""
cv_192,FA942BAB61FD,,Line,""
cv_193,FA942BAB61FE,,Line,""
cv_194,FA942BAB61FF,,Line,""
cv_195,FA942BAB6200,,Line,""
cv_196,FA942BAB6201,,Line,""
cv_197,FA942BAB6202,,Line,""
cv_198,FA942BAB6203,,Line,""
cv_199,FA942BAB6204,,Line,""
cv_200,FA942BAB6205,,Line,""
cv_201,FA942BAB6206,,Line,""
cv_202,FA942BAB6207,,Line,""
cv_203,FA942BAB6208,,Line,""
cv_204,FA942BAB6209,,Line,""
cv_205,FA942BAB620A,,Line,""
cv_206,FA942BAB620B,,Line,""
cv_207,FA942BAB620C,,Line,""
cv_208,FA942BAB620D,,Line,""
cv_209,FA942BAB620E,,Line,""
cv_210,FA942BAB620F,,Line,""
cv_211,FA942BAB6210,,Line,""
cv_212,FA942BAB6211,,Line,""
cv_213,FA942BAB6212,,Line,""
cv_214,FA942BAB6213,,Line,""
cv_215,FA942BAB6214,,Line,""
cv_216,FA942BAB6215,,Line,""
cv_217,FA942BAB6216,,Line,""
cv_218,FA942BAB6217,,Line,""
cv_219,FA942BAB6218,,Line,""
cv_220,FA942BAB6219,,Line,""
cv_221,FA942BAB621A,,Line,""
cv_222,FA942BAB621B,,Line,""
cv_223,FA942BAB621C,,Line,""
cv_224,FA942BAB621D,,Line,""
cv_225,FA942BAB621E,,Line,""
cv_226,FA942BAB621F,,Line,""
cv_227,FA942BAB6220,,Line,""
cv_228,FA942BAB6221,,Line,""
cv_229,FA942BAB6222,,Line,""
cv_230,FA942BAB6223,,Line,""
cv_231,FA942BAB6224,,Line,""
cv_232,FA942BAB6225,,Line,""
cv_233,FA942BAB6226,,Line,""
cv_234,FA942BAB6227,,Line,""
cv_235,FA942BAB6228,,Line,""
cv_236,FA942BAB6229,,Line,""
cv_237,FA942BAB622A,,Line,""
cv_238,FA942BAB622B,,Line,""
cv_239,FA942BAB622C,,Line,""
cv_240,FA942BAB622D,,Line,""
cv_241,FA942BAB622E,,Line,""
cv_242,FA942BAB622F,,Line,""
cv_243,FA942BAB6230,,Line,""
cv_244,FA942BAB6231,,Line,""
cv_245,FA942BAB6232,,Line,""
cv_246,FA942BAB6233,,Line,""
cv_247,FA942BAB6234,,Line,""
cv_248,FA942BAB6235,,Line,""
cv_249,FA942BAB6236,,Line,""
cv_250,FA942BAB6237,,Line,""
cv_251,FA942BAB6238,,Line,""
cv_252,FA942BAB6239,,Line,""
cv_253,FA942BAB623A,,Line,""
cv_254,FA942BAB623B,,Line,""
cv_255,FA942BAB623C,,Line,""
cv_256,FA942BAB623D,,Line,""
cv_257,FA942BAB623E,,Line,""
cv_258,FA942BAB623F,,Line,""
cv_259,FA942BAB6240,,Line,""
cv_260,FA942BAB6241,,Line,""
cv_261,FA942BAB6242,,Line,""
cv_262,FA942BAB6243,,Line,""
cv_263,FA942BAB6244,,Line,""
cv_264,FA942BAB6245,,Line,""
cv_265,FA942BAB6246,,Line,""
cv_266,FA942BAB6247,,Line,""
cv_267,FA942BAB6248,,Line,""
cv_268,FA942BAB6249,,Line,""
cv_269,FA942BAB624A,,Line,""
cv_270,FA942BAB624B,,Line,""
cv_271,FA942BAB624C,,Line,""
cv_272,FA942BAB624D,,Line,""
cv_273,FA942BAB624E,,Line,""
cv_274,FA942BAB624F,,Line,""
cv_275,FA942BAB6250,,Line,""
cv_276,FA942BAB6251,,Line,""
cv_277,FA942BAB6252,,Line,""
cv_278,FA942BAB6253,,Line,""
cv_279,FA942BAB6254,,Line,""
cv_280,FA942BAB6255,,Line,""
cv_281,FA942BAB6256,,Line,""
cv_282,FA942BAB6257,,Line,""
cv_283,FA942BAB6258,,Line,""
cv_284,FA942BAB6259,,Line,""
cv_285,FA942BAB625A,,Line,""
cv_286,FA942BAB625B,,Line,""
cv_287,FA942BAB625C,,Line,""
cv_288,FA942BAB625D,,Line,""
cv_289,FA942BAB625E,,Line,""
cv_290,FA942BAB625F,,Line,""
cv_291,FA942BAB6260,,Line,""
cv_292,FA942BAB6261,,Line,""
cv_293,FA942BAB6262,,Line,""
cv_294,FA942BAB6263,,Line,""
cv_295,FA942BAB6264,,Line,""
cv_296,FA942BAB6265,,Line,""
cv_297,FA942BAB6266,,Line,""
cv_298,FA942BAB6267,,Line,""
cv_299,FA942BAB6268,,Line,""
cv_300,FA942BAB6269,,Line,""
cv_301,FA942BAB626A,,Line,""
cv_302,FA942BAB626B,,Line,""
cv_303,FA942BAB626C,,Line,""
cv_304,FA942BAB626D,,Line,""
cv_305,FA942BAB626E,,Line,""
cv_306,FA942BAB626F,,Line,""
cv_307,FA942BAB6270,,Line,""
cv_308,FA942BAB6271,,Line,""
cv_309,FA942BAB6272,,Line,""
cv_310,FA942BAB6273,,Line,""
cv_311,FA942BAB6274,,Line,""
cv_312,FA942BAB6275,,Line,""
cv_313,FA942BAB6276,,Line,""
cv_314,FA942BAB6277,,Line,""
cv_315,FA942BAB6278,,Line,""
cv_316,FA942BAB6279,,Line,""
cv_317,FA942BAB627A,,Line,""
cv_318,FA942BAB627B,,Line,""
cv_319,FA942BAB627C,,Line,""
cv_320,FA942BAB627D,,Line,""
cv_321,FA942BAB627E,,Line,""
cv_322,FA942BAB627F,,Line,""
cv_323,FA942BAB6280,,Line,""
cv_324,FA942BAB6281,,Line,""
cv_325,FA942BAB6282,,Line,""
cv_326,FA942BAB6283,,Line,""
cv_327,FA942BAB6284,,Line,""
cv_328,FA942BAB6285,,Line,""
cv_329,FA942BAB6286,,Line,""
cv_330,FA942BAB6287,,Line,""
cv_331,FA942BAB6288,,Line,""
cv_332,FA942BAB6289,,Line,""
cv_333,FA942BAB628A,,Line,""
cv_334,FA942BAB628B,,Line,""
cv_335,FA942BAB628C,,Line,""
cv_336,FA942BAB628D,,Line,""
cv_337,FA942BAB628E,,Line,""
cv_338,FA942BAB628F,,Line,""
cv_339,FA942BAB6290,,Line,""
cv_340,FA942BAB6291,,Line,""
cv_341,FA942BAB6292,,Line,""
cv_342,FA942BAB6293,,Line,""
cv_343,FA942BAB6294,,Line,""
cv_344,FA942BAB6295,,Line,""
cv_345,FA942BAB6296,,Line,""
cv_346,FA942BAB6297,,Line,""
cv_347,FA942BAB6298,,Line,""
cv_348,FA942BAB6299,,Line,""
cv_349,FA942BAB629A,,Line,""
cv_350,FA942BAB629B,,Line,""
cv_351,FA942BAB629C,,Line,""
cv_352,FA942BAB629D,,Line,""
cv_353,FA942BAB629E,,Line,""
cv_354,FA942BAB629F,,Line,""
cv_355,FA942BAB62A0,,Line,""
cv_356,FA942BAB62A1,,Line,""
cv_357,FA942BAB62A2,,Line,""
cv_358,FA942BAB62A3,,Line,""
cv_359,FA942BAB62A4,,Line,""
cv_360,FA942BAB62A5,,Line,""
cv_361,FA942BAB62A6,,Line,""
cv_362,FA942BAB62A7,,Line,""
cv_363,FA942BAB62A8,,Line,""
cv_364,FA942BAB62A9,,Line,""
cv_365,FA942BAB62AA,,Line,""
cv_366,FA942BAB62AB,,Line,""
cv_367,FA942BAB62AC,,Line,""
cv_368,FA942BAB62AD,,Line,""
cv_369,FA942BAB62AE,,Line,""
cv_370,FA942BAB62AF,,Line,""
cv_371,FA942BAB62B0,,Line,""
cv_372,FA942BAB62B1,,Line,""
cv_373,FA942BAB62B2,,Line,""
cv_374,FA942BAB62B3,,Line,""
cv_375,FA942BAB62B4,,Line,""
cv_376,FA942BAB62B5,,Line,""
cv_377,FA942BAB62B6,,Line,""
cv_378,FA942BAB62B7,,Line,""
cv_379,FA942BAB62B8,,Line,""
cv_380,FA942BAB62B9,,Line,""
cv_381,FA942BAB62BA,,Line,""
cv_382,FA942BAB62BB,,Line,""
cv_383,FA942BAB62BC,,Line,""
cv_384,FA942BAB62BD,,Line,""
cv_385,FA942BAB62BE,,Line,""
cv_386,FA942BAB62BF,,Line,""
cv_387,FA942BAB62C0,,Line,""
cv_388,FA942BAB62C1,,Line,""
cv_389,FA942BAB62C2,,Line,""
cv_390,FA942BAB62C3,,Line,""
cv_391,FA942BAB62C4,,Line,""
cv_392,FA942BAB62C5,,Line,""
cv_393,FA942BAB62C6,,Line,""
cv_394,FA942BAB62C7,,Line,""
cv_395,FA942BAB62C8,,Line,""
cv_396,FA942BAB62C9,,Line,""
cv_397,FA942BAB62CA,,Line,""
cv_398,FA942BAB62CB,,Line,""
cv_399,FA942BAB62CC,,Line,""
cv_400,FA942BAB62CD,,Line,""
cv_401,FA942BAB62CE,,Line,""
cv_402,FA942BAB62CF,,Line,""
cv_403,FA942BAB62D0,,Line,""
cv_404,FA942BAB62D1,,Line,""
cv_405,FA942BAB62D2,,Line,""
cv_406,FA942BAB62D3,,Line,""
cv_407,FA942BAB62D4,,Line,""
cv_408,FA942BAB62D5,,Line,""
cv_409,FA942BAB62D6,,Line,""
cv_410,FA942BAB62D7,,Line,""
cv_411,FA942BAB62D8,,Line,""
cv_412,FA942BAB62D9,,Line,""
cv_413,FA942BAB62DA,,Line,""
cv_414,FA942BAB62DB,,Line,""
cv_415,FA942BAB62DC,,Line,""
cv_416,FA942BAB62DD,,Line,""
cv_417,FA942BAB62DE,,Line,""
cv_418,FA942BAB62DF,,Line,""
cv_419,FA942BAB62E0,,Line,""
cv_420,FA942BAB62E1,,Line,""
cv_421,FA942BAB62E2,,Line,""
cv_422,FA942BAB62E3,,Line,""
cv_423,FA942BAB62E4,,Line,""
cv_424,FA942BAB62E5,,Line,""
cv_425,FA942BAB62E6,,Line,""
cv_426,FA942BAB62E7,,Line,""
cv_427,FA942BAB62E8,,Line,""
cv_428,FA942BAB62E9,,Line,""
cv_429,FA942BAB62EA,,Line,""
cv_430,FA942BAB62EB,,Line,""
cv_431,FA942BAB62EC,,Line,""
cv_432,FA942BAB62ED,,Line,""
cv_433,FA942BAB62EE,,Line,""
cv_434,FA942BAB62EF,,Line,""
cv_435,FA942BAB62F0,,Line,""
cv_436,FA942BAB62F1,,Line,""
cv_437,FA942BAB62F2,,Line,""
cv_438,FA942BAB62F3,,Line,""
cv_439,FA942BAB62F4,,Line,""
cv_440,FA942BAB62F5,,Line,""
cv_441,FA942BAB62F6,,Line,""
cv_442,FA942BAB62F7,,Line,""
cv_443,FA942BAB62F8,,Line,""
cv_444,FA942BAB62F9,,Line,""
cv_445,FA942BAB62FA,,Line,""
cv_446,FA942BAB62FB,,Line,""
cv_447,FA942BAB62FC,,Line,""
cv_448,FA942BAB62FD,,Line,""
cv_449,FA942BAB62FE,,Line,""
cv_450,FA942BAB62FF,,Line,""
cv_451,FA942BAB6300,,Line,""
cv_452,FA942BAB6301,,Line,""
cv_453,FA942BAB6302,,Line,""
cv_454,FA942BAB6303,,Line,""
cv_455,FA942BAB6304,,Line,""
cv_456,FA942BAB6305,,Line,""
cv_457,FA942BAB6306,,Line,""
cv_458,FA942BAB6307,,Line,""
cv_459,FA942BAB6308,,Line,""
cv_460,FA942BAB6309,,Line,""
cv_461,FA942BAB630A,,Line,""
cv_462,FA942BAB630B,,Line,""
cv_463,FA942BAB630C,,Line,""
cv_464,FA942BAB630D,,Line,""
cv_465,FA942BAB630E,,Line,""
cv_466,FA942BAB630F,,Line,""
cv_467,FA942BAB6310,,Line,""
cv_468,FA942BAB6311,,Line,""
cv_469,FA942BAB6312,,Line,""
cv_470,FA942BAB6313,,Line,""
cv_471,FA942BAB6314,,Line,""
cv_472,FA942BAB6315,,Line,""
cv_473,FA942BAB6316,,Line,""
cv_474,FA942BAB6317,,Line,""
cv_475,FA942BAB6318,,Line,""
cv_476,FA942BAB6319,,Line,""
cv_477,FA942BAB631A,,Line,""
cv_478,FA942BAB631B,,Line,""
cv_479,FA942BAB631C,,Line,""
cv_480,FA942BAB631D,,Line,""
cv_481,FA942BAB631E,,Line,""
cv_482,FA942BAB631F,,Line,""
cv_483,FA942BAB6320,,Line,""
cv_484,FA942BAB6321,,Line,""
cv_485,FA942BAB6322,,Line,""
cv_486,FA942BAB6323,,Line,""
cv_487,FA942BAB6324,,Line,""
cv_488,FA942BAB6325,,Line,""
cv_489,FA942BAB6326,,Line,""
cv_490,FA942BAB6327,,Line,""
cv_491,FA942BAB6328,,Line,""
cv_492,FA942BAB6329,,Line,""
cv_493,FA942BAB632A,,Line,""
cv_494,FA942BAB632B,,Line,""
cv_495,FA942BAB632C,,Line,""
cv_496,FA942BAB632D,,Line,""
cv_497,FA942BAB632E,,Line,""
cv_498,FA942BAB632F,,Line,""
cv_499,FA942BAB6330,,Line,""
cv_500,FA942BAB6331,,Line,""
cv_501,FA942BAB6332,,Line,""
cv_502,FA942BAB6333,,Line,""
cv_503,FA942BAB6334,,Line,""
cv_504,FA942BAB6335,,Line,""
cv_505,FA942BAB6336,,Line,""
cv_506,FA942BAB6337,,Line,""
cv_507,FA942BAB6338,,Line,""
cv_508,FA942BAB6339,,Line,""
cv_509,FA942BAB633A,,Line,""
cv_510,FA942BAB633B,,Line,""
cv_511,FA942BAB633C,,Line,""
cv_512,FA942BAB633D,,Line,""
cv_513,FA942BAB633E,,Line,""
cv_514,FA942BAB633F,,Line,""
cv_515,FA942BAB6340,,Line,""
cv_516,FA942BAB6341,,Line,""
cv_517,FA942BAB6342,,Line,""
cv_518,FA942BAB6343,,Line,""
cv_519,FA942BAB6344,,Line,""
cv_520,FA942BAB6345,,Line,""
cv_521,FA942BAB6346,,Line,""
cv_522,FA942BAB6347,,Line,""
cv_523,FA942BAB6348,,Line,""
cv_524,FA942BAB6349,,Line,""
cv_525,FA942BAB634A,,Line,""
cv_526,FA942BAB634B,,Line,""
cv_527,FA942BAB634C,,Line,""
cv_528,FA942BAB634D,,Line,""
cv_529,FA942BAB634E,,Line,""
cv_530,FA942BAB634F,,Line,""
cv_531,FA942BAB6350,,Line,""
cv_532,FA942BAB6351,,Line,""
cv_533,FA942BAB6352,,Line,""
cv_534,FA942BAB6353,,Line,""
cv_535,FA942BAB6354,,Line,""
cv_536,FA942BAB6355,,Line,""
cv_537,FA942BAB6356,,Line,""
cv_538,FA942BAB6357,,Line,""
cv_539,FA942BAB6358,,Line,""
cv_540,FA942BAB6359,,Line,""
cv_541,FA942BAB635A,,Line,""
cv_542,FA942BAB635B,,Line,""
cv_543,FA942BAB635C,,Line,""
cv_544,FA942BAB635D,,Line,""
cv_545,FA942BAB635E,,Line,""
cv_546,FA942BAB635F,,Line,""
cv_547,FA942BAB6360,,Line,""
cv_548,FA942BAB6361,,Line,""
cv_549,FA942BAB6362,,Line,""
cv_550,FA942BAB6363,,Line,""
cv_551,FA942BAB6364,,Line,""
cv_552,FA942BAB6365,,Line,""
cv_553,FA942BAB6366,,Line,""
cv_554,FA942BAB6367,,Line,""
cv_555,FA942BAB6368,,Line,""
cv_556,FA942BAB6369,,Line,""
cv_557,FA942BAB636A,,Line,""
cv_558,FA942BAB636B,,Line,""
cv_559,FA942BAB636C,,Line,""
cv_560,FA942BAB636D,,Line,""
cv_561,FA942BAB636E,,Line,""
cv_562,FA942BAB636F,,Line,""
cv_563,FA942BAB6370,,Line,""
cv_564,FA942BAB6371,,Line,""
cv_565,FA942BAB6372,,Line,""
cv_566,FA942BAB6373,,Line,""
cv_567,FA942BAB6374,,Line,""
cv_568,FA942BAB6375,,Line,""
cv_569,FA942BAB6376,,Line,""
cv_570,FA942BAB6377,,Line,""
cv_571,FA942BAB6378,,Line,""
cv_572,FA942BAB6379,,Line,""
cv_573,FA942BAB637A,,Line,""
cv_574,FA942BAB637B,,Line,""
cv_575,FA942BAB637C,,Line,""
cv_576,FA942BAB637D,,Line,""
cv_577,FA942BAB637E,,Line,""
cv_578,FA942BAB637F,,Line,""
cv_579,FA942BAB6380,,Line,""
cv_580,FA942BAB6381,,Line,""
cv_581,FA942BAB6382,,Line,""
cv_582,FA942BAB6383,,Line,""
cv_583,FA942BAB6384,,Line,""
cv_584,FA942BAB6385,,Line,""
cv_585,FA942BAB6386,,Line,""
cv_586,FA942BAB6387,,Line,""
cv_587,FA942BAB6388,,Line,""
cv_588,FA942BAB6389,,Line,""
cv_589,FA942BAB638A,,Line,""
cv_590,FA942BAB638B,,Line,""
cv_591,FA942BAB638C,,Line,""
cv_592,FA942BAB638D,,Line,""
cv_593,FA942BAB638E,,Line,""
cv_594,FA942BAB638F,,Line,""
cv_595,FA942BAB6390,,Line,""
cv_596,FA942BAB6391,,Line,""
cv_597,FA942BAB6392,,Line,""
cv_598,FA942BAB6393,,Line,""
cv_599,FA942BAB6394,,Line,""
cv_600,FA942BAB6395,,Line,""
cv_601,FA942BAB6396,,Line,""
cv_602,FA942BAB6397,,Line,""
cv_603,FA942BAB6398,,Line,""
cv_604,FA942BAB6399,,Line,""
cv_605,FA942BAB639A,,Line,""
cv_606,FA942BAB639B,,Line,""
cv_607,FA942BAB639C,,Line,""
cv_608,FA942BAB639D,,Line,""
cv_609,FA942BAB639E,,Line,""
cv_610,FA942BAB639F,,Line,""
cv_611,FA942BAB63A0,,Line,""
cv_612,FA942BAB63A1,,Line,""
cv_613,FA942BAB63A2,,Line,""
cv_614,FA942BAB63A3,,Line,""
cv_615,FA942BAB63A4,,Line,""
cv_616,FA942BAB63A5,,Line,""
cv_617,FA942BAB63A6,,Line,""
cv_618,FA942BAB63A7,,Line,""
cv_619,FA942BAB63A8,,Line,""
cv_620,FA942BAB63A9,,Line,""
cv_621,FA942BAB63AA,,Line,""
cv_622,FA942BAB63AB,,Line,""
cv_623,FA942BAB63AC,,Line,""
cv_624,FA942BAB63AD,,Line,""
cv_625,FA942BAB63AE,,Line,""
cv_626,FA942BAB63AF,,Line,""
cv_627,FA942BAB63B0,,Line,""
cv_628,FA942BAB63B1,,Line,""
cv_629,FA942BAB63B2,,Line,""
cv_630,FA942BAB63B3,,Line,""
cv_631,FA942BAB63B4,,Line,""
cv_632,FA942BAB63B5,,Line,""
cv_633,FA942BAB63B6,,Line,""
cv_634,FA942BAB63B7,,Line,""
cv_635,FA942BAB63B8,,Line,""
cv_636,FA942BAB63B9,,Line,""
cv_637,FA942BAB63BA,,Line,""
cv_638,FA942BAB63BB,,Line,""
cv_639,FA942BAB63BC,,Line,""
cv_640,FA942BAB63BD,,Line,""
cv_641,FA942BAB63BE,,Line,""
cv_642,FA942BAB63BF,,Line,""
cv_643,FA942BAB63C0,,Line,""
cv_644,FA942BAB63C1,,Line,""
cv_645,FA942BAB63C2,,Line,""
cv_646,FA942BAB63C3,,Line,""
cv_647,FA942BAB63C4,,Line,""
cv_648,FA942BAB63C5,,Line,""
cv_649,FA942BAB63C6,,Line,""
cv_651,1AB1BF8A7,,Line,""
cv_652,1AB1BF8A8,,Line,""
cv_653,1AB1BF8AA,,Line,""
cv_654,1AB1BF8AB,,Line,""
cv_655,1AB1BF8AC,,Line,""
cv_656,1AB1BF8AD,,Line,""
cv_657,1AB1BF8B0,,Line,""
cv_658,1AB1BF8B2,,Line,""
cv_659,1AB1BF8B3,,Line,""
cv_660,1AB1BF8B5,,Line,""
cv_661,1AB1BF8B6,,Line,""
cv_662,1AB1BF8B7,,Line,""
cv_663,1AB1BF8B9,,Line,""
cv_664,1AB1BF8BB,,Line,""
cv_665,1AB1BF8BC,,Line,""
cv_666,1AB1BF8BE,,Line,""
cv_667,1AB1BF8BF,,Line,""
cv_668,1AB1BF8C0,,Line,""
cv_669,1AB1BF8C1,,Line,""
cv_670,1E07ED3C3,,Line,""
cv_671,1E07ED3C4,,Line,""
cv_672,1E07ED3C5,,Line,""
cv_673,1E07ED3C6,,Line,""
cv_674,1E07ED3C7,,Line,""
cv_675,1E07ED3C8,,Line,""
cv_676,1E07ED3C9,,Line,""
cv_677,1E07ED3CA,,Line,""
cv_678,3EA46AC23966,,Line,""
cv_679,3EA46AC23995,,Line,""
cv_680,3EA46AC23998,,Line,""
cv_681,3EA46AC2399A,,Line,""
cv_682,3EA46AC2399B,,Line,""
cv_683,3EA46AC2399C,,Line,""
cv_684,3EA46AC2399D,,Line,""
cv_685,3EA46AC2399E,,Line,""
cv_686,3EA46AC239CE,,Line,""
cv_687,3EA46AC239CF,,Line,""
cv_688,3EA46AC239D0,,Line,""
cv_689,3EA46AC239EC,,Line,""
cv_690,3EA46AC239ED,,Line,""
cv_691,3EA46AC239EE,,Line,""
cv_692,3EA46AC239EF,,Line,""
cv_693,3EA46AC239F2,,Line,""
cv_694,3EA46AC239FE,,Line,""
cv_695,3EA46AC239FF,,Line,""
cv_696,3EA46AC23A16,,Line,""
cv_697,3EA46AC23A17,,Line,""
cv_698,3EA46AC23A19,,Line,""
cv_699,3EA46AC23A1A,,Line,""
cv_700,3EA46AC23A1B,,Line,""
cv_701,3EA46AC23A1C,,Line,""
cv_702,3EA46AC23A1D,,Line,""
cv_703,3EA46AC23A1E,,Line,""
cv_704,3EA46AC23A1F,,Line,""
cv_705,3EA46AC23A20,,Line,""
cv_706,3EA46AC23A21,,Line,""
cv_707,3EA46AC23A22,,Line,""
cv_708,3EA46AC23A23,,Line,""
cv_709,3EA46AC23A24,,Line,""
cv_710,3EA46AC23A25,,Line,""
cv_711,3EA46AC23A26,,Line,""
cv_712,3EA46AC23A27,,Line,""
cv_713,3EA46AC23A47,,Line,""
cv_714,3EA46AC23A48,,Line,""
cv_715,3EA46AC23A4B,,Line,""
cv_716,3EA46AC23A53,,Line,""
cv_717,3EA46AC23A54,,Line,""
cv_718,3EA46AC23A55,,Line,""
cv_719,3EA46AC23A56,,Line,""
cv_720,3EA46AC23A58,,Line,""
cv_721,3EA46AC23A59,,Line,""
cv_722,3EA46AC23A5A,,Line,""
cv_723,3EA46AC23A5B,,Line,""
cv_724,3EA46AC23A5C,,Line,""
cv_725,3EA46AC23A82,,Line,""
cv_726,3EA46AC23A83,,Line,""
cv_727,3EA46AC23A87,,Line,""
cv_728,3EA46AC23A88,,Line,""
cv_729,3EA46AC23A95,,Line,""
cv_730,3EA46AC23AAE,,Line,""
cv_731,3EA46AC23AC0,,Line,""
cv_732,3EA46AC23AC1,,Line,""
cv_733,3EA46AC23AC5,,Line,""
cv_734,3EA46AC23AC6,,Line,""
cv_735,3EA46AC23AC7,,Line,""
cv_736,3EA46AC23AC8,,Line,""
cv_737,3EA46AC23AC9,,Line,""
cv_738,3EA46AC23ACA,,Line,""
cv_739,3EA46AC23ACB,,Line,""
cv_740,3EA46AC23ACC,,Line,""
cv_741,3EA46AC23ACD,,Line,""
cv_742,3EA46AC23ACE,,Line,""
cv_743,3EA46AC23ACF,,Line,""
cv_744,3EA46AC23AD0,,Line,""
cv_745,3EA46AC23AD1,,Line,""
cv_746,3EA46AC23AD2,,Line,""
cv_747,3EA46AC23AD5,,Line,""
cv_748,3EA46AC23AE7,,Line,""
cv_749,3EA46AC23AEA,,Line,""
cv_750,3EA46AC23AEB,,Line,""
cv_751,3EA46AC23B1B,,Line,""
cv_752,3EA46AC23B1C,,Line,""
cv_753,3EA46AC23B25,,Line,""
cv_754,3EA46AC23B26,,Line,""
cv_755,3EA46AC23B27,,Line,""
cv_756,3EA46AC23B2B,,Line,""
cv_757,3EA46AC23B2C,,Line,""
cv_758,3EA46AC23B2D,,Line,""
cv_759,3EA46AC23B2E,,Line,""
cv_760,3EA46AC23B2F,,Line,""
cv_761,3EA46AC23B32,,Line,""
cv_762,3EA46AC23B33,,Line,""
cv_763,3EA46AC23B36,,Line,""
cv_764,3EA46AC23B38,,Line,""
cv_765,3EA46AC23B39,,Line,""
cv_766,3EA46AC23B3A,,Line,""
cv_767,3EA46AC23B3B,,Line,""
cv_768,3EA46AC23B4F,,Line,""
cv_769,3EA46AC23B50,,Line,""
cv_770,3EA46AC23B51,,Line,""
cv_771,3EA46AC23B52,,Line,""
cv_772,3EA46AC23B53,,Line,""
cv_773,3EA46AC23B54,,Line,""
cv_774,3EA46AC23B55,,Line,""
cv_775,3EA46AC23B56,,Line,""
cv_776,3EA46AC23B57,,Line,""
cv_777,3EA46AC23B58,,Line,""
cv_778,3EA46AC23B59,,Line,""
cv_779,3EA46AC23B5A,,Line,""
cv_780,3EA46AC23B5B,,Line,""
cv_781,3EA46AC23B5C,,Line,""
cv_782,3EA46AC23B5D,,Line,""
cv_783,3EA46AC23B5E,,Line,""
cv_784,3EA46AC23B61,,Line,""
cv_785,3EA46AC23B62,,Line,""
cv_786,3EA46AC23B65,,Line,""
cv_787,3EA46AC23B66,,Line,""
cv_788,3EA46AC23B67,,Line,""
cv_789,3EA46AC23B68,,Line,""
cv_790,3EA46AC23B6A,,Line,""
cv_791,3EA46AC23B6B,,Line,""
cv_792,3EA46AC23B6C,,Line,""
cv_793,3EA46AC23B6D,,Line,""
cv_794,3EA46AC23B6F,,Line,""
cv_795,3EA46AC23B70,,Line,""
cv_796,3EA46AC23B71,,Line,""
cv_797,3EA46AC23BAA,,Line,""
cv_798,3EA46AC23BAB,,Line,""
cv_799,3EA46AC23BAF,,Line,""
cv_800,3EA46AC23BB0,,Line,""
cv_801,3EA46AC23BB1,,Line,""
cv_802,3EA46AC23BB2,,Line,""
cv_803,3EA46AC23BB3,,Line,""
cv_804,3EA46AC23BB4,,Line,""
cv_805,3EA46AC23BC4,,Line,""
cv_806,3EA46AC23BC5,,Line,""
cv_807,3EA46AC23BC8,,Line,""
cv_808,3EA46AC23BC9,,Line,""
cv_809,3EA46AC23BDE,,Line,""
cv_810,3EA46AC23BDF,,Line,""
cv_811,3EA46AC23BE1,,Line,""
cv_812,3EA46AC23BE2,,Line,""
cv_813,3EA46AC23BE3,,Line,""
cv_814,3EA46AC23BE4,,Line,""
cv_815,3EA46AC23BE5,,Line,""
cv_816,3EA46AC23BE6,,Line,""
cv_817,3EA46AC23BE7,,Line,""
cv_818,3EA46AC23BE8,,Line,""
cv_819,3EA46AC23BE9,,Line,""
cv_820,3EA46AC23BEA,,Line,""
cv_821,3EA46AC23BEB,,Line,""
cv_822,3EA46AC23BEC,,Line,""
cv_823,3EA46AC23BED,,Line,""
cv_824,3EA46AC23BEE,,Line,""
cv_825,3EA46AC23BF3,,Line,""
cv_826,3EA46AC23BF6,,Line,""
cv_827,3EA46AC23BF7,,Line,""
cv_828,3EA46AC23BF8,,Line,""
cv_829,3EA46AC23BF9,,Line,""
cv_830,3EA46AC23BFA,,Line,""
cv_831,3EA46AC23BFB,,Line,""
cv_832,3EA46AC23BFC,,Line,""
cv_833,3EA46AC23BFD,,Line,""
cv_834,3EA46AC23BFE,,Line,""
cv_835,3EA46AC23C29,,Line,""
cv_836,3EA46AC23C2A,,Line,""
cv_837,3EA46AC23C42,,Line,""
cv_838,3EA46AC23C43,,Line,""
cv_839,3EA46AC23C44,,Line,""
cv_840,3EA46AC23C45,,Line,""
cv_841,3EA46AC23C7D,,Line,""
cv_842,3EA46AC23C7E,,Line,""
cv_843,3EA46AC23C7F,,Line,""
cv_844,3EA46AC23C88,,Line,""
cv_845,3EA46AC23C89,,Line,""
cv_846,3EA46AC23C8A,,Line,""
cv_847,3EA46AC23C8B,,Line,""
cv_848,3EA46AC23C8C,,Line,""
cv_849,3EA46AC23C8D,,Line,""
cv_850,3EA46AC23C8E,,Line,""
cv_851,3EA46AC23C8F,,Line,""
cv_852,3EA46AC23C90,,Line,""
cv_853,3EA46AC23C91,,Line,""
cv_854,3EA46AC23C92,,Line,""
cv_855,3EA46AC23C93,,Line,""
cv_856,3EA46AC23C94,,Line,""
cv_857,3EA46AC23C95,,Line,""
cv_858,3EA46AC23C99,,Line,""
cv_859,3EA46AC23C9A,,Line,""
cv_860,3EA46AC23CA7,,Line,""
cv_861,3EA46AC23CA8,,Line,""
cv_862,3EA46AC23CAC,,Line,""
cv_863,3EA46AC23CAD,,Line,""
cv_864,3EA46AC23CAE,,Line,""
cv_865,3EA46AC23CAF,,Line,""
cv_866,3EA46AC23CB0,,Line,""
cv_867,3EA46AC23CB1,,Line,""
cv_868,3EA46AC23CB2,,Line,""
cv_869,3EA46AC23CB3,,Line,""
cv_870,3EA46AC23CB4,,Line,""
cv_871,3EA46AC23CB5,,Line,""
cv_872,3EA46AC23CB6,,Line,""
cv_873,3EA46AC23CB7,,Line,""
cv_874,3EA46AC23CB8,,Line,""
cv_875,3EA46AC23CBA,,Line,""
cv_876,3EA46AC23CBB,,Line,""
cv_877,3EA46AC23CBC,,Line,""
cv_878,3EA46AC23CBD,,Line,""
cv_879,3EA46AC23CBE,,Line,""
cv_880,3EA46AC23CBF,,Line,""
cv_881,3EA46AC23CC0,,Line,""
cv_882,3EA46AC23CC2,,Line,""
cv_883,3EA46AC23CC3,,Line,""
cv_884,3EA46AC23CC4,,Line,""
cv_885,3EA46AC23CC5,,Line,""
cv_886,3EA46AC23CC8,,Line,""
cv_887,3EA46AC23CC9,,Line,""
cv_888,3EA46AC23CCA,,Line,""
cv_889,3EA46AC23CCB,,Line,""
cv_890,3EA46AC23CCD,,Line,""
cv_891,3EA46AC23CCE,,Line,""
cv_892,3EA46AC23CCF,,Line,""
cv_893,3EA46AC23CD0,,Line,""
cv_894,3EA46AC23CD2,,Line,""
cv_895,3EA46AC23CD3,,Line,""
cv_896,3EA46AC23CD4,,Line,""
cv_897,3EA46AC23CD5,,Line,""
cv_898,3EA46AC23CD6,,Line,""
cv_899,3EA46AC23CD7,,Line,""
cv_900,3EA46AC23CE7,,Line,""
cv_901,3EA46AC23CF9,,Line,""
cv_902,3EA46AC23CFA,,Line,""
cv_903,3EA46AC23D1F,,Line,""
cv_904,3EA46AC23D20,,Line,""
cv_905,3EA46AC23D21,,Line,""
cv_906,3EA46AC23D22,,Line,""
cv_907,3EA46AC23D23,,Line,""
cv_908,3EA46AC23D2A,,Line,""
cv_909,3EA46AC23D2B,,Line,""
cv_910,3EA46AC23D2D,,Line,""
cv_911,3EA46AC23D2E,,Line,""
cv_912,3EA46AC23D2F,,Line,""
cv_913,3EA46AC23D31,,Line,""
cv_914,3EA46AC23D32,,Line,""
cv_915,3EA46AC23D42,,Line,""
cv_916,3EA46AC23D44,,Line,""
cv_917,3EA46AC23D45,,Line,""
cv_918,3EA46AC23D46,,Line,""
cv_919,3EA46AC23D47,,Line,""
cv_920,3EA46AC23D48,,Line,""
cv_921,3EA46AC23D49,,Line,""
cv_922,3EA46AC23D4A,,Line,""
cv_923,3EA46AC23D4B,,Line,""
cv_924,3EA46AC23D4C,,Line,""
cv_925,3EA46AC23D4D,,Line,""
cv_926,3EA46AC23D4E,,Line,""
cv_927,3EA46AC23D4F,,Line,""
cv_928,3EA46AC23D50,,Line,""
cv_929,3EA46AC23DB4,,Line,""
cv_930,3EA46AC23DB5,,Line,""
cv_931,3EA46AC23DB6,,Line,""
cv_932,3EA46AC23DB7,,Line,""
cv_933,3EA46AC23DB8,,Line,""
cv_934,3EA46AC23DB9,,Line,""
cv_935,3EA46AC23DBA,,Line,""
cv_936,3EA46AC23DBB,,Line,""
cv_937,3EA46AC23DBC,,Line,""
cv_938,3EA46AC23DC5,,Line,""
cv_939,3EA46AC23DC6,,Line,""
cv_940,3EA46AC23DC7,,Line,""
cv_941,3EA46AC23DC8,,Line,""
cv_942,3EA46AC23DC9,,Line,""
cv_943,3EA46AC23DCB,,Line,""
cv_944,3EA46AC23DCC,,Line,""
cv_945,3EA46AC23DCD,,Line,""
cv_946,3EA46AC23E60,,Line,""
cv_947,3EA46AC23EB3,,Line,""
cv_948,3EA46AC23EC1,,Line,""
cv_949,FA942BAB5792,,Line,""
cv_950,FA942BAB5793,,Line,""
cv_951,FA942BAB5794,,Line,""
cv_952,FA942BAB5795,,Line,""
cv_953,FA942BAB5796,,Line,""
cv_954,FA942BAB5797,,Line,""
cv_955,FA942BAB5798,,Line,""
cv_956,FA942BAB5799,,Line,""
cv_957,FA942BAB579A,,Line,""
cv_958,FA942BAB579B,,Line,""
cv_959,FA942BAB579C,,Line,""
cv_960,FA942BAB579D,,Line,""
cv_961,FA942BAB579E,,Line,""
cv_962,FA942BAB579F,,Line,""
cv_963,FA942BAB57A0,,Line,""
cv_964,FA942BAB57A1,,Line,""
cv_965,FA942BAB57A2,,Line,""
cv_966,FA942BAB57A3,,Line,""
cv_967,FA942BAB57A5,,Line,""
cv_968,FA942BAB57A6,,Line,""
cv_969,FA942BAB57A7,,Line,""
cv_970,FA942BAB57A9,,Line,""
cv_971,FA942BAB57AA,,Line,""
cv_972,FA942BAB57AB,,Line,""
cv_973,FA942BAB57AC,,Line,""
cv_974,FA942BAB57AD,,Line,""
cv_975,FA942BAB57AE,,Line,""
cv_976,FA942BAB57AF,,Line,""
cv_977,FA942BAB57B0,,Line,""
cv_978,FA942BAB57B1,,Line,""
cv_979,FA942BAB57B2,,Line,""
cv_980,FA942BAB57B3,,Line,""
cv_981,FA942BAB57B4,,Line,""
cv_982,FA942BAB57B5,,Line,""
cv_983,FA942BAB57B6,,Line,""
cv_984,FA942BAB57B7,,Line,""
cv_985,FA942BAB57B8,,Line,""
cv_986,FA942BAB57B9,,Line,""
cv_987,FA942BAB57BA,,Line,""
cv_988,FA942BAB57BB,,Line,""
cv_989,FA942BAB57BC,,Line,""
cv_990,FA942BAB57BD,,Line,""
cv_991,FA942BAB57BE,,Line,""
cv_992,FA942BAB57BF,,Line,""
cv_993,FA942BAB57C0,,Line,""
cv_994,FA942BAB57C1,,Line,""
cv_995,FA942BAB57C2,,Line,""
cv_996,FA942BAB57C3,,Line,""
cv_997,FA942BAB57C4,,Line,""
cv_998,FA942BAB57C5,,Line,""
cv_999,FA942BAB57C6,,Line,""
cv_1000,FA942BAB57C7,,Line,""
cv_1001,FA942BAB57C8,,Line,""
cv_1002,FA942BAB57C9,,Line,""
cv_1003,FA942BAB57CA,,Line,""
cv_1004,FA942BAB57CB,,Line,""
cv_1005,FA942BAB57CC,,Line,""
cv_1006,FA942BAB57CD,,Line,""
cv_1007,FA942BAB57CE,,Line,""
cv_1008,FA942BAB57CF,,Line,""
cv_1009,FA942BAB57D0,,Line,""
cv_1010,FA942BAB57D1,,Line,""
cv_1011,FA942BAB57D2,,Line,""
cv_1012,FA942BAB57D3,,Line,""
cv_1013,FA942BAB57D4,,Line,""
cv_1014,FA942BAB57D5,,Line,""
cv_1015,FA942BAB57D6,,Line,""
cv_1016,FA942BAB57D7,,Line,""
cv_1017,FA942BAB57D8,,Line,""
cv_1018,FA942BAB57D9,,Line,""
cv_1019,FA942BAB57DA,,Line,""
cv_1020,FA942BAB57DB,,Line,""
cv_1021,FA942BAB57DC,,Line,""
cv_1022,FA942BAB57DD,,Line,""
cv_1023,FA942BAB57DE,,Line,""
cv_1024,FA942BAB57DF,,Line,""
cv_1025,FA942BAB57E0,,Line,""
cv_1026,FA942BAB57E1,,Line,""
cv_1027,FA942BAB57E2,,Line,""
cv_1028,FA942BAB57E3,,Line,""
cv_1029,FA942BAB57E4,,Line,""
cv_1030,FA942BAB57E5,,Line,""
cv_1031,FA942BAB57E6,,Line,""
cv_1032,FA942BAB57E7,,Line,""
cv_1033,FA942BAB57E8,,Line,""
cv_1034,FA942BAB57E9,,Line,""
cv_1035,FA942BAB57EA,,Line,""
cv_1036,FA942BAB57EB,,Line,""
cv_1037,FA942BAB57EC,,Line,""
cv_1038,FA942BAB57ED,,Line,""
cv_1039,FA942BAB57EE,,Line,""
cv_1040,FA942BAB57EF,,Line,""
cv_1041,FA942BAB57F0,,Line,""
cv_1042,FA942BAB57F1,,Line,""
cv_1043,FA942BAB57F2,,Line,""
cv_1044,FA942BAB57F3,,Line,""
cv_1045,FA942BAB57F4,,Line,""
cv_1046,FA942BAB57F5,,Line,""
cv_1047,FA942BAB57F6,,Line,""
cv_1048,FA942BAB57F7,,Line,""
cv_1049,FA942BAB57F8,,Line,""
cv_1050,FA942BAB57F9,,Line,""
cv_1051,FA942BAB57FA,,Line,""
cv_1052,FA942BAB57FC,,Line,""
cv_1053,FA942BAB57FE,,Line,""
cv_1054,FA942BAB57FF,,Line,""
cv_1055,FA942BAB5800,,Line,""
cv_1056,FA942BAB5801,,Line,""
cv_1057,FA942BAB5802,,Line,""
cv_1058,FA942BAB5803,,Line,""
cv_1059,FA942BAB5804,,Line,""
cv_1060,FA942BAB5805,,Line,""
cv_1061,FA942BAB5806,,Line,""
cv_1062,FA942BAB5807,,Line,""
cv_1063,FA942BAB5808,,Line,""
cv_1064,FA942BAB5809,,Line,""
cv_1065,FA942BAB580A,,Line,""
cv_1066,FA942BAB580B,,Line,""
cv_1067,FA942BAB580C,,Line,""
cv_1068,FA942BAB580D,,Line,""
cv_1069,FA942BAB580E,,Line,""
cv_1070,FA942BAB580F,,Line,""
cv_1071,FA942BAB5810,,Line,""
cv_1072,FA942BAB5811,,Line,""
cv_1073,FA942BAB5812,,Line,""
cv_1074,FA942BAB5813,,Line,""
cv_1075,FA942BAB5814,,Line,""
cv_1076,FA942BAB5815,,Line,""
cv_1077,FA942BAB5816,,Line,""
cv_1078,FA942BAB5817,,Line,""
cv_1079,FA942BAB5818,,Line,""
cv_1080,FA942BAB5819,,Line,""
cv_1081,FA942BAB581A,,Line,""
cv_1082,FA942BAB581B,,Line,""
cv_1083,FA942BAB581C,,Line,""
cv_1084,FA942BAB581D,,Line,""
cv_1085,FA942BAB581E,,Line,""
cv_1086,FA942BAB581F,,Line,""
cv_1087,FA942BAB5820,,Line,""
cv_1088,FA942BAB5821,,Line,""
cv_1089,FA942BAB5822,,Line,""
cv_1090,FA942BAB5823,,Line,""
cv_1091,FA942BAB5824,,Line,""
cv_1092,FA942BAB5825,,Line,""
cv_1093,FA942BAB5826,,Line,""
cv_1094,FA942BAB5827,,Line,""
cv_1095,FA942BAB5828,,Line,""
cv_1096,FA942BAB5829,,Line,""
cv_1097,FA942BAB582A,,Line,""
cv_1098,FA942BAB582B,,Line,""
cv_1099,FA942BAB582C,,Line,""
cv_1100,FA942BAB582D,,Line,""
cv_1101,FA942BAB582E,,Line,""
cv_1102,FA942BAB582F,,Line,""
cv_1103,FA942BAB5830,,Line,""
cv_1104,FA942BAB5831,,Line,""
cv_1105,FA942BAB5832,,Line,""
cv_1106,FA942BAB5833,,Line,""
cv_1107,FA942BAB5834,,Line,""
cv_1108,FA942BAB5835,,Line,""
cv_1109,FA942BAB5836,,Line,""
cv_1110,FA942BAB5837,,Line,""
cv_1111,FA942BAB5838,,Line,""
cv_1112,FA942BAB5839,,Line,""
cv_1113,FA942BAB583A,,Line,""
cv_1114,FA942BAB583B,,Line,""
cv_1115,FA942BAB583C,,Line,""
cv_1116,FA942BAB583D,,Line,""
cv_1117,FA942BAB583E,,Line,""
cv_1118,FA942BAB583F,,Line,""
cv_1119,FA942BAB5840,,Line,""
cv_1120,FA942BAB5841,,Line,""
cv_1121,FA942BAB5842,,Line,""
cv_1122,FA942BAB5843,,Line,""
cv_1123,FA942BAB5844,,Line,""
cv_1124,FA942BAB5845,,Line,""
cv_1125,FA942BAB5846,,Line,""
cv_1126,FA942BAB5847,,Line,""
cv_1127,FA942BAB5848,,Line,""
cv_1128,FA942BAB5849,,Line,""
cv_1129,FA942BAB584A,,Line,""
cv_1130,FA942BAB584B,,Line,""
cv_1131,FA942BAB584C,,Line,""
cv_1132,FA942BAB584D,,Line,""
cv_1133,FA942BAB584E,,Line,""
cv_1134,FA942BAB584F,,Line,""
cv_1135,FA942BAB5850,,Line,""
cv_1136,FA942BAB5851,,Line,""
cv_1137,FA942BAB5852,,Line,""
cv_1138,FA942BAB5853,,Line,""
cv_1139,FA942BAB5854,,Line,""
cv_1140,FA942BAB5855,,Line,""
cv_1141,FA942BAB5856,,Line,""
cv_1142,FA942BAB5857,,Line,""
cv_1143,FA942BAB5858,,Line,""
cv_1144,FA942BAB5859,,Line,""
cv_1145,FA942BAB585A,,Line,""
cv_1146,FA942BAB585B,,Line,""
cv_1147,FA942BAB585C,,Line,""
cv_1148,FA942BAB585D,,Line,""
cv_1149,FA942BAB585E,,Line,""
cv_1150,FA942BAB585F,,Line,""
cv_1151,FA942BAB5860,,Line,""
cv_1152,FA942BAB5861,,Line,""
cv_1153,FA942BAB5862,,Line,""
cv_1154,FA942BAB5863,,Line,""
cv_1155,FA942BAB5864,,Line,""
cv_1156,FA942BAB5865,,Line,""
cv_1157,FA942BAB5866,,Line,""
cv_1158,FA942BAB5867,,Line,""
cv_1159,FA942BAB5868,,Line,""
cv_1160,FA942BAB5869,,Line,""
cv_1161,FA942BAB586A,,Line,""
cv_1162,FA942BAB586B,,Line,""
cv_1163,FA942BAB586C,,Line,""
cv_1164,FA942BAB586D,,Line,""
cv_1165,FA942BAB586E,,Line,""
cv_1166,FA942BAB586F,,Line,""
cv_1167,FA942BAB5870,,Line,""
cv_1168,FA942BAB5871,,Line,""
cv_1169,FA942BAB5872,,Line,""
cv_1170,FA942BAB5873,,Line,""
cv_1171,FA942BAB5874,,Line,""
cv_1172,FA942BAB5875,,Line,""
cv_1173,FA942BAB5876,,Line,""
cv_1174,FA942BAB5877,,Line,""
cv_1175,FA942BAB5878,,Line,""
cv_1176,FA942BAB5879,,Line,""
cv_1177,FA942BAB587A,,Line,""
cv_1178,FA942BAB587B,,Line,""
cv_1179,FA942BAB587C,,Line,""
cv_1180,FA942BAB587D,,Line,""
cv_1181,FA942BAB587E,,Line,""
cv_1182,FA942BAB587F,,Line,""
cv_1183,FA942BAB5880,,Line,""
cv_1184,FA942BAB5881,,Line,""
cv_1185,FA942BAB5882,,Line,""
cv_1186,FA942BAB5883,,Line,""
cv_1187,FA942BAB5884,,Line,""
cv_1188,FA942BAB5885,,Line,""
cv_1189,FA942BAB5886,,Line,""
cv_1190,FA942BAB5887,,Line,""
cv_1191,FA942BAB5888,,Line,""
cv_1192,FA942BAB5889,,Line,""
cv_1193,FA942BAB588A,,Line,""
cv_1194,FA942BAB588B,,Line,""
cv_1195,FA942BAB588C,,Line,""
cv_1196,FA942BAB588D,,Line,""
cv_1197,FA942BAB588E,,Line,""
cv_1198,FA942BAB588F,,Line,""
cv_1199,FA942BAB5890,,Line,""
cv_1200,FA942BAB5891,,Line,""
cv_1201,FA942BAB5892,,Line,""
cv_1202,FA942BAB5893,,Line,""
cv_1203,FA942BAB5894,,Line,""
cv_1204,FA942BAB5895,,Line,""
cv_1205,FA942BAB5896,,Line,""
cv_1206,FA942BAB5897,,Line,""
cv_1207,FA942BAB5898,,Line,""
cv_1208,FA942BAB5899,,Line,""
cv_1209,FA942BAB589A,,Line,""
cv_1210,FA942BAB589B,,Line,""
cv_1211,FA942BAB589C,,Line,""
cv_1212,FA942BAB589D,,Line,""
cv_1213,FA942BAB589E,,Line,""
cv_1214,FA942BAB589F,,Line,""
cv_1215,FA942BAB58A0,,Line,""
cv_1216,FA942BAB58A1,,Line,""
cv_1217,FA942BAB58A2,,Line,""
cv_1218,FA942BAB58A3,,Line,""
cv_1219,FA942BAB58A4,,Line,""
cv_1220,FA942BAB58A5,,Line,""
cv_1221,FA942BAB58A6,,Line,""
cv_1222,FA942BAB58A7,,Line,""
cv_1223,FA942BAB58A8,,Line,""
cv_1224,FA942BAB58A9,,Line,""
cv_1225,FA942BAB58AA,,Line,""
cv_1226,FA942BAB58AB,,Line,""
cv_1227,FA942BAB58AC,,Line,""
cv_1228,FA942BAB58AD,,Line,""
cv_1229,FA942BAB58AE,,Line,""
cv_1230,FA942BAB58AF,,Line,""
cv_1231,FA942BAB58B0,,Line,""
cv_1232,FA942BAB58B1,,Line,""
cv_1233,FA942BAB58B3,,Line,""
cv_1234,FA942BAB58B4,,Line,""
cv_1235,FA942BAB58B6,,Line,""
cv_1236,FA942BAB58B7,,Line,""
cv_1237,FA942BAB58B8,,Line,""
cv_1238,FA942BAB58B9,,Line,""
cv_1239,FA942BAB58BA,,Line,""
cv_1240,FA942BAB58BB,,Line,""
cv_1241,FA942BAB58BC,,Line,""
cv_1242,FA942BAB58BD,,Line,""
cv_1243,FA942BAB58BE,,Line,""
cv_1244,FA942BAB58BF,,Line,""
cv_1245,FA942BAB58C0,,Line,""
cv_1246,FA942BAB58C1,,Line,""
cv_1247,FA942BAB58C2,,Line,""
cv_1248,FA942BAB58C3,,Line,""
cv_1249,FA942BAB58C4,,Line,""
cv_1250,FA942BAB58C5,,Line,""
cv_1251,FA942BAB58C6,,Line,""
cv_1252,FA942BAB58C7,,Line,""
cv_1253,FA942BAB58C8,,Line,""
cv_1254,FA942BAB58C9,,Line,""
cv_1255,FA942BAB58CA,,Line,""
cv_1256,FA942BAB58CB,,Line,""
cv_1257,FA942BAB58CC,,Line,""
cv_1258,FA942BAB58CD,,Line,""
cv_1259,FA942BAB58CE,,Line,""
cv_1260,FA942BAB58CF,,Line,""
cv_1261,FA942BAB58D0,,Line,""
cv_1262,FA942BAB58D1,,Line,""
cv_1263,FA942BAB58D2,,Line,""
cv_1264,FA942BAB58D3,,Line,""
cv_1265,FA942BAB58D4,,Line,""
cv_1266,FA942BAB58D5,,Line,""
cv_1267,FA942BAB58D6,,Line,""
cv_1268,FA942BAB58D7,,Line,""
cv_1269,FA942BAB58D8,,Line,""
cv_1270,FA942BAB58D9,,Line,""
cv_1271,FA942BAB58DA,,Line,""
cv_1272,FA942BAB58DB,,Line,""
cv_1273,FA942BAB58DC,,Line,""
cv_1274,FA942BAB58DD,,Line,""
cv_1275,FA942BAB58DE,,Line,""
cv_1276,FA942BAB58DF,,Line,""
cv_1277,FA942BAB58E0,,Line,""
cv_1278,FA942BAB58E1,,Line,""
cv_1279,FA942BAB58E2,,Line,""
cv_1280,FA942BAB58E3,,Line,""
cv_1281,FA942BAB58E4,,Line,""
cv_1282,FA942BAB58E5,,Line,""
cv_1283,FA942BAB58E6,,Line,""
cv_1284,FA942BAB58E7,,Line,""
cv_1285,FA942BAB58E8,,Line,""
cv_1286,FA942BAB58E9,,Line,""
cv_1287,FA942BAB58EA,,Line,""
cv_1288,FA942BAB58EB,,Line,""
cv_1289,FA942BAB58EC,,Line,""
cv_1290,FA942BAB58ED,,Line,""
cv_1291,FA942BAB58EE,,Line,""
cv_1292,FA942BAB58EF,,Line,""
cv_1293,FA942BAB58F0,,Line,""
cv_1294,FA942BAB58F1,,Line,""
cv_1295,FA942BAB58F2,,Line,""
cv_1296,FA942BAB58F3,,Line,""
cv_1297,FA942BAB58F4,,Line,""
cv_1298,FA942BAB58F5,,Line,""
cv_1299,FA942BAB58F6,,Line,""
cv_1300,FA942BAB58F7,,Line,""
cv_1301,FA942BAB58F8,,Line,""
cv_1302,FA942BAB58F9,,Line,""
cv_1303,FA942BAB58FA,,Line,""
cv_1304,FA942BAB58FB,,Line,""
cv_1305,FA942BAB58FC,,Line,""
cv_1306,FA942BAB58FD,,Line,""
cv_1307,FA942BAB58FE,,Line,""
cv_1308,FA942BAB58FF,,Line,""
cv_1309,FA942BAB5900,,Line,""
cv_1310,FA942BAB5901,,Line,""
cv_1311,FA942BAB5902,,Line,""
cv_1312,FA942BAB5903,,Line,""
cv_1313,FA942BAB5904,,Line,""
cv_1314,FA942BAB5905,,Line,""
cv_1315,FA942BAB5906,,Line,""
cv_1316,FA942BAB5907,,Line,""
cv_1317,FA942BAB5908,,Line,""
cv_1318,FA942BAB5909,,Line,""
cv_1319,FA942BAB590A,,Line,""
cv_1320,FA942BAB590B,,Line,""
cv_1321,FA942BAB590C,,Line,""
cv_1322,FA942BAB590D,,Line,""
cv_1323,FA942BAB590E,,Line,""
cv_1324,FA942BAB590F,,Line,""
cv_1325,FA942BAB5910,,Line,""
cv_1326,FA942BAB5911,,Line,""
cv_1327,FA942BAB5912,,Line,""
cv_1328,FA942BAB5913,,Line,""
cv_1329,FA942BAB5914,,Line,""
cv_1330,FA942BAB5915,,Line,""
cv_1331,FA942BAB5916,,Line,""
cv_1332,FA942BAB5917,,Line,""
cv_1333,FA942BAB5918,,Line,""
cv_1334,FA942BAB5919,,Line,""
cv_1335,FA942BAB591A,,Line,""
cv_1336,FA942BAB591B,,Line,""
cv_1337,FA942BAB591C,,Line,""
cv_1338,FA942BAB591D,,Line,""
cv_1339,FA942BAB591E,,Line,""
cv_1340,FA942BAB591F,,Line,""
cv_1341,FA942BAB5920,,Line,""
cv_1342,FA942BAB5921,,Line,""
cv_1343,FA942BAB5922,,Line,""
cv_1344,FA942BAB5923,,Line,""
cv_1345,FA942BAB5924,,Line,""
cv_1346,FA942BAB5925,,Line,""
cv_1347,FA942BAB5926,,Line,""
cv_1348,FA942BAB5927,,Line,""
cv_1349,FA942BAB5928,,Line,""
cv_1350,FA942BAB5929,,Line,""
cv_1351,FA942BAB592A,,Line,""
cv_1352,FA942BAB592B,,Line,""
cv_1353,FA942BAB592C,,Line,""
cv_1354,FA942BAB592D,,Line,""
cv_1355,FA942BAB592E,,Line,""
cv_1356,FA942BAB592F,,Line,""
cv_1357,FA942BAB5930,,Line,""
cv_1358,FA942BAB5931,,Line,""
cv_1359,FA942BAB5932,,Line,""
cv_1360,FA942BAB5933,,Line,""
cv_1361,FA942BAB5934,,Line,""
cv_1362,FA942BAB5935,,Line,""
cv_1363,FA942BAB5936,,Line,""
cv_1364,FA942BAB5937,,Line,""
cv_1365,FA942BAB5938,,Line,""
cv_1366,FA942BAB5939,,Line,""
cv_1367,FA942BAB593A,,Line,""
cv_1368,FA942BAB593B,,Line,""
cv_1369,FA942BAB593C,,Line,""
cv_1370,FA942BAB593D,,Line,""
cv_1371,FA942BAB593E,,Line,""
cv_1372,FA942BAB593F,,Line,""
cv_1373,FA942BAB5940,,Line,""
cv_1374,FA942BAB5941,,Line,""
cv_1375,FA942BAB5942,,Line,""
cv_1376,FA942BAB5943,,Line,""
cv_1377,FA942BAB5944,,Line,""
cv_1378,FA942BAB5945,,Line,""
cv_1379,FA942BAB5946,,Line,""
cv_1380,FA942BAB5947,,Line,""
cv_1381,FA942BAB5948,,Line,""
cv_1382,FA942BAB5949,,Line,""
cv_1383,FA942BAB594A,,Line,""
cv_1384,FA942BAB594B,,Line,""
cv_1385,FA942BAB594C,,Line,""
cv_1386,FA942BAB594D,,Line,""
cv_1387,FA942BAB594E,,Line,""
cv_1388,FA942BAB594F,,Line,""
cv_1389,FA942BAB5950,,Line,""
cv_1390,FA942BAB5951,,Line,""
cv_1391,FA942BAB5952,,Line,""
cv_1392,FA942BAB5953,,Line,""
cv_1393,FA942BAB5954,,Line,""
cv_1394,FA942BAB5955,,Line,""
cv_1395,FA942BAB5956,,Line,""
cv_1396,FA942BAB5957,,Line,""
cv_1397,FA942BAB5958,,Line,""
cv_1398,FA942BAB5959,,Line,""
cv_1399,FA942BAB595A,,Line,""
cv_1400,FA942BAB595B,,Line,""
cv_1401,FA942BAB595C,,Line,""
cv_1402,FA942BAB595D,,Line,""
cv_1403,FA942BAB595E,,Line,""
cv_1404,FA942BAB595F,,Line,""
cv_1405,FA942BAB5960,,Line,""
cv_1406,FA942BAB5961,,Line,""
cv_1407,FA942BAB5962,,Line,""
cv_1408,FA942BAB5963,,Line,""
cv_1409,FA942BAB5964,,Line,""
cv_1410,FA942BAB5965,,Line,""
cv_1411,FA942BAB5966,,Line,""
cv_1412,FA942BAB5968,,Line,""
cv_1413,FA942BAB5969,,Line,""
cv_1414,FA942BAB596B,,Line,""
cv_1415,FA942BAB596C,,Line,""
cv_1416,FA942BAB596D,,Line,""
cv_1417,FA942BAB596E,,Line,""
cv_1418,FA942BAB596F,,Line,""
cv_1419,FA942BAB5970,,Line,""
cv_1420,FA942BAB5971,,Line,""
cv_1421,FA942BAB5972,,Line,""
cv_1422,FA942BAB5973,,Line,""
cv_1423,FA942BAB5974,,Line,""
cv_1424,FA942BAB5975,,Line,""
cv_1425,FA942BAB5976,,Line,""
cv_1426,FA942BAB5977,,Line,""
cv_1427,FA942BAB5978,,Line,""
cv_1428,FA942BAB5979,,Line,""
cv_1429,FA942BAB597A,,Line,""
cv_1430,FA942BAB597B,,Line,""
cv_1431,FA942BAB597C,,Line,""
cv_1432,FA942BAB597D,,Line,""
cv_1433,FA942BAB597E,,Line,""
cv_1434,FA942BAB597F,,Line,""
cv_1435,FA942BAB5980,,Line,""
cv_1436,FA942BAB5981,,Line,""
cv_1437,FA942BAB5982,,Line,""
cv_1438,FA942BAB5983,,Line,""
cv_1439,FA942BAB5984,,Line,""
cv_1440,FA942BAB5985,,Line,""
cv_1441,FA942BAB5986,,Line,""
cv_1442,FA942BAB5987,,Line,""
cv_1443,FA942BAB5988,,Line,""
cv_1444,FA942BAB5989,,Line,""
cv_1445,FA942BAB598A,,Line,""
cv_1446,FA942BAB598B,,Line,""
cv_1447,FA942BAB598C,,Line,""
cv_1448,FA942BAB598D,,Line,""
cv_1449,FA942BAB598E,,Line,""
cv_1450,FA942BAB598F,,Line,""
cv_1451,FA942BAB5990,,Line,""
cv_1452,FA942BAB5991,,Line,""
cv_1453,FA942BAB5992,,Line,""
cv_1454,FA942BAB5993,,Line,""
cv_1455,FA942BAB5994,,Line,""
cv_1456,FA942BAB5995,,Line,""
cv_1457,FA942BAB5996,,Line,""
cv_1458,FA942BAB5997,,Line,""
cv_1459,FA942BAB5998,,Line,""
cv_1460,FA942BAB5999,,Line,""
cv_1461,FA942BAB599A,,Line,""
cv_1462,FA942BAB599B,,Line,""
cv_1463,FA942BAB599C,,Line,""
cv_1464,FA942BAB599D,,Line,""
cv_1465,FA942BAB599E,,Line,""
cv_1466,FA942BAB599F,,Line,""
cv_1467,FA942BAB59A0,,Line,""
cv_1468,FA942BAB59A1,,Line,""
cv_1469,FA942BAB59A2,,Line,""
cv_1470,FA942BAB59A3,,Line,""
cv_1471,FA942BAB59A4,,Line,""
cv_1472,FA942BAB59A5,,Line,""
cv_1473,FA942BAB59A6,,Line,""
cv_1474,FA942BAB59A7,,Line,""
cv_1475,FA942BAB59A8,,Line,""
cv_1476,FA942BAB59A9,,Line,""
cv_1477,FA942BAB59AA,,Line,""
cv_1478,FA942BAB59AB,,Line,""
cv_1507,FA942BAB4F20,,Polyline,""
cv_1530,3EA46AC23538,,Polyline,""
cv_1531,3EA46AC238FE,,Polyline,""
cv_1533,3EA46AC23996,,Line,""
cv_1534,3EA46AC23997,,Line,""
cv_1535,3EA46AC239F0,,Line,""
cv_1536,3EA46AC239F1,,Line,""
cv_1537,3EA46AC239FA,,Line,""
cv_1538,3EA46AC239FB,,Line,""
cv_1539,3EA46AC23B28,,Line,""
cv_1540,3EA46AC23B29,,Line,""
cv_1541,3EA46AC23B34,,Line,""
cv_1542,3EA46AC23B35,,Line,""
cv_1543,3EA46AC23BAC,,Line,""
cv_1544,3EA46AC23BAD,,Line,""
cv_1545,3EA46AC23BC6,,Line,""
cv_1546,3EA46AC23BC7,,Line,""
cv_1547,3EA46AC23BF4,,Line,""
cv_1548,3EA46AC23BF5,,Line,""
cv_1549,3EA46AC23CA9,,Line,""
cv_1550,3EA46AC23CAA,,Line,""
cv_1551,3EA46AC23CC6,,Line,""
cv_1552,3EA46AC23CC7,,Line,""
cv_1553,3EA46AC23CCC,,Line,""
cv_1554,3EA46AC23E7C,,Line,""
cv_1555,3EA46AC23E7D,,Line,""
cv_1556,3EA46AC23E7E,,Line,""
cv_1558,3EA46AC239E8,,Line,""
cv_1559,3EA46AC239E9,,Line,""
cv_1560,3EA46AC239EA,,Line,""
cv_1561,3EA46AC239EB,,Line,""
cv_1562,3EA46AC239F9,,Line,""
cv_1563,3EA46AC23A01,,Line,""
cv_1564,3EA46AC23A28,,Line,""
cv_1565,3EA46AC23A29,,Line,""
cv_1566,3EA46AC23A4C,,Line,""
cv_1567,3EA46AC23A4D,,Line,""
cv_1568,3EA46AC23A4E,,Line,""
cv_1569,3EA46AC23A4F,,Line,""
cv_1570,3EA46AC23A50,,Line,""
cv_1571,3EA46AC23A51,,Line,""
cv_1572,3EA46AC23A52,,Line,""
cv_1573,3EA46AC23A9A,,Line,""
cv_1574,3EA46AC23A9B,,Line,""
cv_1575,3EA46AC23A9C,,Line,""
cv_1576,3EA46AC23A9D,,Line,""
cv_1577,3EA46AC23A9E,,Line,""
cv_1578,3EA46AC23A9F,,Line,""
cv_1579,3EA46AC23AA3,,Line,""
cv_1580,3EA46AC23AA4,,Line,""
cv_1581,3EA46AC23AA5,,Line,""
cv_1582,3EA46AC23AA6,,Line,""
cv_1583,3EA46AC23AA8,,Line,""
cv_1584,3EA46AC23AA9,,Line,""
cv_1585,3EA46AC23AAA,,Line,""
cv_1586,3EA46AC23AAB,,Line,""
cv_1587,3EA46AC23AAF,,Line,""
cv_1588,3EA46AC23AB0,,Line,""
cv_1589,3EA46AC23AB1,,Line,""
cv_1590,3EA46AC23AB2,,Line,""
cv_1591,3EA46AC23AB3,,Line,""
cv_1592,3EA46AC23AB4,,Line,""
cv_1593,3EA46AC23AB5,,Line,""
cv_1594,3EA46AC23AB6,,Line,""
cv_1595,3EA46AC23AB7,,Line,""
cv_1596,3EA46AC23AB8,,Line,""
cv_1597,3EA46AC23AB9,,Line,""
cv_1598,3EA46AC23ABA,,Line,""
cv_1599,3EA46AC23ABB,,Line,""
cv_1600,3EA46AC23ABC,,Line,""
cv_1601,3EA46AC23ABD,,Line,""
cv_1602,3EA46AC23B30,,Line,""
cv_1603,3EA46AC23B31,,Line,""
cv_1604,3EA46AC23B37,,Line,""
cv_1605,3EA46AC23B3C,,Line,""
cv_1606,3EA46AC23B3D,,Line,""
cv_1607,3EA46AC23B3F,,Line,""
cv_1608,3EA46AC23B40,,Line,""
cv_1609,3EA46AC23B41,,Line,""
cv_1610,3EA46AC23B42,,Line,""
cv_1611,3EA46AC23B43,,Line,""
cv_1612,3EA46AC23B44,,Line,""
cv_1613,3EA46AC23B45,,Line,""
cv_1614,3EA46AC23B46,,Line,""
cv_1615,3EA46AC23B47,,Line,""
cv_1616,3EA46AC23B48,,Line,""
cv_1617,3EA46AC23B49,,Line,""
cv_1618,3EA46AC23B4A,,Line,""
cv_1619,3EA46AC23B4B,,Line,""
cv_1620,3EA46AC23B4C,,Line,""
cv_1621,FA942BAB66FC,,Line,""
cv_1622,FA942BAB66FD,,Line,""
cv_1623,FA942BAB66FE,,Line,""
cv_1624,FA942BAB66FF,,Line,""
cv_1625,FA942BAB6700,,Line,""
cv_1626,FA942BAB6701,,Line,""
cv_1627,FA942BAB6702,,Line,""
cv_1628,FA942BAB670E,,Line,""
cv_1629,3EA46AC23A00,,Arc,""
cv_1631,FA942BAB5A6C,3EA46AC238FA,Circle,"SINK_1"
cv_1632,FA942BAB5A6D,3EA46AC238FA,Circle,"SINK_1"
cv_1633,FA942BAB5A5A,3EA46AC238FA,Line,"SINK_1"
cv_1634,FA942BAB5A5B,3EA46AC238FA,Line,"SINK_1"
cv_1635,FA942BAB5A5C,3EA46AC238FA,Line,"SINK_1"
cv_1636,FA942BAB5A5D,3EA46AC238FA,Line,"SINK_1"
cv_1637,FA942BAB5A5E,3EA46AC238FA,Line,"SINK_1"
cv_1638,FA942BAB5A5F,3EA46AC238FA,Line,"SINK_1"
cv_1639,FA942BAB5A60,3EA46AC238FA,Line,"SINK_1"
cv_1640,FA942BAB5A61,3EA46AC238FA,Line,"SINK_1"
cv_1641,FA942BAB5A68,3EA46AC238FA,Line,"SINK_1"
cv_1642,FA942BAB5A69,3EA46AC238FA,Line,"SINK_1"
cv_1643,FA942BAB5A6A,3EA46AC238FA,Line,"SINK_1"
cv_1644,FA942BAB5A6B,3EA46AC238FA,Line,"SINK_1"
cv_1645,FA942BAB5A6E,3EA46AC238FA,Line,"SINK_1"
cv_1646,FA942BAB5A62,3EA46AC238FA,Arc,"SINK_1"
cv_1647,FA942BAB5A63,3EA46AC238FA,Arc,"SINK_1"
cv_1648,FA942BAB5A64,3EA46AC238FA,Arc,"SINK_1"
cv_1649,FA942BAB5A65,3EA46AC238FA,Arc,"SINK_1"
cv_1650,FA942BAB5A66,3EA46AC238FA,Arc,"SINK_1"
cv_1651,FA942BAB5A67,3EA46AC238FA,Arc,"SINK_1"
cv_1653,FA942BAB5A6C,3EA46AC238FB,Circle,"SINK_2"
cv_1654,FA942BAB5A6D,3EA46AC238FB,Circle,"SINK_2"
cv_1655,FA942BAB5A5A,3EA46AC238FB,Line,"SINK_2"
cv_1656,FA942BAB5A5B,3EA46AC238FB,Line,"SINK_2"
cv_1657,FA942BAB5A5C,3EA46AC238FB,Line,"SINK_2"
cv_1658,FA942BAB5A5D,3EA46AC238FB,Line,"SINK_2"
cv_1659,FA942BAB5A5E,3EA46AC238FB,Line,"SINK_2"
cv_1660,FA942BAB5A5F,3EA46AC238FB,Line,"SINK_2"
cv_1661,FA942BAB5A60,3EA46AC238FB,Line,"SINK_2"
cv_1662,FA942BAB5A61,3EA46AC238FB,Line,"SINK_2"
cv_1663,FA942BAB5A68,3EA46AC238FB,Line,"SINK_2"
cv_1664,FA942BAB5A69,3EA46AC238FB,Line,"SINK_2"
cv_1665,FA942BAB5A6A,3EA46AC238FB,Line,"SINK_2"
cv_1666,FA942BAB5A6B,3EA46AC238FB,Line,"SINK_2"
cv_1667,FA942BAB5A6E,3EA46AC238FB,Line,"SINK_2"
cv_1668,FA942BAB5A62,3EA46AC238FB,Arc,"SINK_2"
cv_1669,FA942BAB5A63,3EA46AC238FB,Arc,"SINK_2"
cv_1670,FA942BAB5A64,3EA46AC238FB,Arc,"SINK_2"
cv_1671,FA942BAB5A65,3EA46AC238FB,Arc,"SINK_2"
cv_1672,FA942BAB5A66,3EA46AC238FB,Arc,"SINK_2"
cv_1673,FA942BAB5A67,3EA46AC238FB,Arc,"SINK_2"
cv_1675,FA942BAB5A6C,3EA46AC238FC,Circle,"SINK_3"
cv_1676,FA942BAB5A6D,3EA46AC238FC,Circle,"SINK_3"
cv_1677,FA942BAB5A5A,3EA46AC238FC,Line,"SINK_3"
cv_1678,FA942BAB5A5B,3EA46AC238FC,Line,"SINK_3"
cv_1679,FA942BAB5A5C,3EA46AC238FC,Line,"SINK_3"
cv_1680,FA942BAB5A5D,3EA46AC238FC,Line,"SINK_3"
cv_1681,FA942BAB5A5E,3EA46AC238FC,Line,"SINK_3"
cv_1682,FA942BAB5A5F,3EA46AC238FC,Line,"SINK_3"
cv_1683,FA942BAB5A60,3EA46AC238FC,Line,"SINK_3"
cv_1684,FA942BAB5A61,3EA46AC238FC,Line,"SINK_3"
cv_1685,FA942BAB5A68,3EA46AC238FC,Line,"SINK_3"
cv_1686,FA942BAB5A69,3EA46AC238FC,Line,"SINK_3"
cv_1687,FA942BAB5A6A,3EA46AC238FC,Line,"SINK_3"
cv_1688,FA942BAB5A6B,3EA46AC238FC,Line,"SINK_3"
cv_1689,FA942BAB5A6E,3EA46AC238FC,Line,"SINK_3"
cv_1690,FA942BAB5A62,3EA46AC238FC,Arc,"SINK_3"
cv_1691,FA942BAB5A63,3EA46AC238FC,Arc,"SINK_3"
cv_1692,FA942BAB5A64,3EA46AC238FC,Arc,"SINK_3"
cv_1693,FA942BAB5A65,3EA46AC238FC,Arc,"SINK_3"
cv_1694,FA942BAB5A66,3EA46AC238FC,Arc,"SINK_3"
cv_1695,FA942BAB5A67,3EA46AC238FC,Arc,"SINK_3"
cv_1697,FA942BAB5A5A,3EA46AC238FD,Line,"SINK_4"
cv_1698,FA942BAB5A5B,3EA46AC238FD,Line,"SINK_4"
cv_1699,FA942BAB5A5C,3EA46AC238FD,Line,"SINK_4"
cv_1700,FA942BAB5A5D,3EA46AC238FD,Line,"SINK_4"
cv_1701,FA942BAB5A5E,3EA46AC238FD,Line,"SINK_4"
cv_1702,FA942BAB5A5F,3EA46AC238FD,Line,"SINK_4"
cv_1703,FA942BAB5A60,3EA46AC238FD,Line,"SINK_4"
cv_1704,FA942BAB5A61,3EA46AC238FD,Line,"SINK_4"
cv_1705,FA942BAB5A68,3EA46AC238FD,Line,"SINK_4"
cv_1706,FA942BAB5A69,3EA46AC238FD,Line,"SINK_4"
cv_1707,FA942BAB5A6A,3EA46AC238FD,Line,"SINK_4"
cv_1708,FA942BAB5A6B,3EA46AC238FD,Line,"SINK_4"
cv_1709,FA942BAB5A6E,3EA46AC238FD,Line,"SINK_4"
cv_1710,FA942BAB5A62,3EA46AC238FD,Arc,"SINK_4"
cv_1711,FA942BAB5A63,3EA46AC238FD,Arc,"SINK_4"
cv_1712,FA942BAB5A64,3EA46AC238FD,Arc,"SINK_4"
cv_1713,FA942BAB5A65,3EA46AC238FD,Arc,"SINK_4"
cv_1714,FA942BAB5A66,3EA46AC238FD,Arc,"SINK_4"
cv_1715,FA942BAB5A67,3EA46AC238FD,Arc,"SINK_4"
cv_1716,FA942BAB5A6C,3EA46AC238FD,Circle,"SINK_4"
cv_1717,FA942BAB5A6D,3EA46AC238FD,Circle,"SINK_4"
cv_1719,FA942BAB4CB5,3EA46AC23A81,Line,"WC_2D_DOOR_5"
cv_1720,FA942BAB4CB4,3EA46AC23A81,Arc,"WC_2D_DOOR_5"
cv_1722,FA942BAB4CEA,3EA46AC23A84,Circle,"TOILET_6"
cv_1723,FA942BAB4CE2,3EA46AC23A84,Line,"TOILET_6"
cv_1724,FA942BAB4CE4,3EA46AC23A84,Line,"TOILET_6"
cv_1725,FA942BAB4CE9,3EA46AC23A84,Line,"TOILET_6"
cv_1726,FA942BAB4CE3,3EA46AC23A84,Arc,"TOILET_6"
cv_1727,FA942BAB4CE5,3EA46AC23A84,Arc,"TOILET_6"
cv_1728,FA942BAB4CE6,3EA46AC23A84,Arc,"TOILET_6"
cv_1729,FA942BAB4CE7,3EA46AC23A84,Arc,"TOILET_6"
cv_1730,FA942BAB4CE8,3EA46AC23A84,Arc,"TOILET_6"
cv_1732,FA942BAB4CEA,3EA46AC23A85,Circle,"TOILET_7"
cv_1733,FA942BAB4CE2,3EA46AC23A85,Line,"TOILET_7"
cv_1734,FA942BAB4CE4,3EA46AC23A85,Line,"TOILET_7"
cv_1735,FA942BAB4CE9,3EA46AC23A85,Line,"TOILET_7"
cv_1736,FA942BAB4CE3,3EA46AC23A85,Arc,"TOILET_7"
cv_1737,FA942BAB4CE5,3EA46AC23A85,Arc,"TOILET_7"
cv_1738,FA942BAB4CE6,3EA46AC23A85,Arc,"TOILET_7"
cv_1739,FA942BAB4CE7,3EA46AC23A85,Arc,"TOILET_7"
cv_1740,FA942BAB4CE8,3EA46AC23A85,Arc,"TOILET_7"
cv_1742,FA942BAB4CB5,3EA46AC23A86,Line,"WC_2D_DOOR_8"
cv_1743,FA942BAB4CB4,3EA46AC23A86,Arc,"WC_2D_DOOR_8"
cv_1745,FA942BAB4CC8,3EA46AC23A8D,Circle,"URINAL_9"
cv_1746,FA942BAB4CBB,3EA46AC23A8D,Line,"URINAL_9"
cv_1747,FA942BAB4CBC,3EA46AC23A8D,Line,"URINAL_9"
cv_1748,FA942BAB4CBE,3EA46AC23A8D,Line,"URINAL_9"
cv_1749,FA942BAB4CC0,3EA46AC23A8D,Line,"URINAL_9"
cv_1750,FA942BAB4CC2,3EA46AC23A8D,Line,"URINAL_9"
cv_1751,FA942BAB4CC4,3EA46AC23A8D,Line,"URINAL_9"
cv_1752,FA942BAB4CC6,3EA46AC23A8D,Line,"URINAL_9"
cv_1753,FA942BAB4CC7,3EA46AC23A8D,Line,"URINAL_9"
cv_1754,FA942BAB4CBD,3EA46AC23A8D,Arc,"URINAL_9"
cv_1755,FA942BAB4CBF,3EA46AC23A8D,Arc,"URINAL_9"
cv_1756,FA942BAB4CC1,3EA46AC23A8D,Arc,"URINAL_9"
cv_1757,FA942BAB4CC3,3EA46AC23A8D,Arc,"URINAL_9"
cv_1758,FA942BAB4CC5,3EA46AC23A8D,Arc,"URINAL_9"
cv_1760,FA942BAB4CB5,3EA46AC23A8F,Line,"WC_2D_DOOR_10"
cv_1761,FA942BAB4CB4,3EA46AC23A8F,Arc,"WC_2D_DOOR_10"
cv_1763,FA942BAB4CB5,3EA46AC23A98,Line,"WC_2D_DOOR_11"
cv_1764,FA942BAB4CB4,3EA46AC23A98,Arc,"WC_2D_DOOR_11"
cv_1766,FA942BAB4CB5,3EA46AC23A99,Line,"WC_2D_DOOR_12"
cv_1767,FA942BAB4CB4,3EA46AC23A99,Arc,"WC_2D_DOOR_12"
cv_1769,FA942BAB4CEA,3EA46AC23AA2,Circle,"TOILET_13"
cv_1770,FA942BAB4CE2,3EA46AC23AA2,Line,"TOILET_13"
cv_1771,FA942BAB4CE4,3EA46AC23AA2,Line,"TOILET_13"
cv_1772,FA942BAB4CE9,3EA46AC23AA2,Line,"TOILET_13"
cv_1773,FA942BAB4CE3,3EA46AC23AA2,Arc,"TOILET_13"
cv_1774,FA942BAB4CE5,3EA46AC23AA2,Arc,"TOILET_13"
cv_1775,FA942BAB4CE6,3EA46AC23AA2,Arc,"TOILET_13"
cv_1776,FA942BAB4CE7,3EA46AC23AA2,Arc,"TOILET_13"
cv_1777,FA942BAB4CE8,3EA46AC23AA2,Arc,"TOILET_13"
cv_1779,FA942BAB4CB5,3EA46AC23AA7,Line,"WC_2D_DOOR_14"
cv_1780,FA942BAB4CB4,3EA46AC23AA7,Arc,"WC_2D_DOOR_14"
cv_1782,FA942BAB4CEA,3EA46AC23AAC,Circle,"TOILET_15"
cv_1783,FA942BAB4CE2,3EA46AC23AAC,Line,"TOILET_15"
cv_1784,FA942BAB4CE4,3EA46AC23AAC,Line,"TOILET_15"
cv_1785,FA942BAB4CE9,3EA46AC23AAC,Line,"TOILET_15"
cv_1786,FA942BAB4CE3,3EA46AC23AAC,Arc,"TOILET_15"
cv_1787,FA942BAB4CE5,3EA46AC23AAC,Arc,"TOILET_15"
cv_1788,FA942BAB4CE6,3EA46AC23AAC,Arc,"TOILET_15"
cv_1789,FA942BAB4CE7,3EA46AC23AAC,Arc,"TOILET_15"
cv_1790,FA942BAB4CE8,3EA46AC23AAC,Arc,"TOILET_15"
cv_1792,FA942BAB4CEA,3EA46AC23AAD,Circle,"TOILET_16"
cv_1793,FA942BAB4CE2,3EA46AC23AAD,Line,"TOILET_16"
cv_1794,FA942BAB4CE4,3EA46AC23AAD,Line,"TOILET_16"
cv_1795,FA942BAB4CE9,3EA46AC23AAD,Line,"TOILET_16"
cv_1796,FA942BAB4CE3,3EA46AC23AAD,Arc,"TOILET_16"
cv_1797,FA942BAB4CE5,3EA46AC23AAD,Arc,"TOILET_16"
cv_1798,FA942BAB4CE6,3EA46AC23AAD,Arc,"TOILET_16"
cv_1799,FA942BAB4CE7,3EA46AC23AAD,Arc,"TOILET_16"
cv_1800,FA942BAB4CE8,3EA46AC23AAD,Arc,"TOILET_16"
cv_1802,FA942BAB4CC8,3EA46AC23ABE,Circle,"URINAL_17"
cv_1803,FA942BAB4CBB,3EA46AC23ABE,Line,"URINAL_17"
cv_1804,FA942BAB4CBC,3EA46AC23ABE,Line,"URINAL_17"
cv_1805,FA942BAB4CBE,3EA46AC23ABE,Line,"URINAL_17"
cv_1806,FA942BAB4CC0,3EA46AC23ABE,Line,"URINAL_17"
cv_1807,FA942BAB4CC2,3EA46AC23ABE,Line,"URINAL_17"
cv_1808,FA942BAB4CC4,3EA46AC23ABE,Line,"URINAL_17"
cv_1809,FA942BAB4CC6,3EA46AC23ABE,Line,"URINAL_17"
cv_1810,FA942BAB4CC7,3EA46AC23ABE,Line,"URINAL_17"
cv_1811,FA942BAB4CBD,3EA46AC23ABE,Arc,"URINAL_17"
cv_1812,FA942BAB4CBF,3EA46AC23ABE,Arc,"URINAL_17"
cv_1813,FA942BAB4CC1,3EA46AC23ABE,Arc,"URINAL_17"
cv_1814,FA942BAB4CC3,3EA46AC23ABE,Arc,"URINAL_17"
cv_1815,FA942BAB4CC5,3EA46AC23ABE,Arc,"URINAL_17"
cv_1817,FA942BAB4CB5,3EA46AC23B3E,Line,"WC_2D_DOOR_18"
cv_1818,FA942BAB4CB4,3EA46AC23B3E,Arc,"WC_2D_DOOR_18"
cv_1820,3EA46AC23A49,,Line,""
cv_1821,3EA46AC23A8E,,Line,""
cv_1822,3EA46AC23B4E,,Line,""
cv_1823,3EA46AC23B60,,Line,""
cv_1824,3EA46AC23B63,,Line,""
cv_1825,3EA46AC23C97,,Line,""
cv_1826,3EA46AC23CA5,,Line,""
cv_1827,3EA46AC23D2C,,Line,""
cv_1828,3EA46AC23A4A,,Arc,""
cv_1829,3EA46AC23AD4,,Arc,""
cv_1830,3EA46AC23B4D,,Arc,""
cv_1831,3EA46AC23B5F,,Arc,""
cv_1832,3EA46AC23B64,,Arc,""
cv_1833,3EA46AC23C98,,Arc,""
cv_1834,3EA46AC23CC1,,Arc,""
cv_1835,3EA46AC23CD1,,Arc,""
cv_1837,FA942BAB4CEE,1AB1BF8A9,Arc,"90S2_19"
cv_1838,FA942BAB4CED,1AB1BF8A9,Line,"90S2_19"
cv_1839,FA942BAB4CEF,1AB1BF8A9,Line,"90S2_19"
cv_1840,FA942BAB4CF1,1AB1BF8A9,Line,"90S2_19"
cv_1842,FA942BAB4CF8,1AB1BF8B1,Arc,"DR_2D_S90_20"
cv_1843,FA942BAB4CF4,1AB1BF8B1,Line,"DR_2D_S90_20"
cv_1844,FA942BAB4CF5,1AB1BF8B1,Line,"DR_2D_S90_20"
cv_1845,FA942BAB4CF6,1AB1BF8B1,Line,"DR_2D_S90_20"
cv_1846,FA942BAB4CF7,1AB1BF8B1,Line,"DR_2D_S90_20"
cv_1848,FA942BAB4CEE,1AB1BF8BA,Arc,"90S2_21"
cv_1849,FA942BAB4CED,1AB1BF8BA,Line,"90S2_21"
cv_1850,FA942BAB4CEF,1AB1BF8BA,Line,"90S2_21"
cv_1851,FA942BAB4CF1,1AB1BF8BA,Line,"90S2_21"
cv_1853,FA942BAB4CFF,1AB1BF8BD,Arc,"DR_2D_DOUB_22"
cv_1854,FA942BAB4D00,1AB1BF8BD,Arc,"DR_2D_DOUB_22"
cv_1855,FA942BAB4CFB,1AB1BF8BD,Line,"DR_2D_DOUB_22"
cv_1856,FA942BAB4CFC,1AB1BF8BD,Line,"DR_2D_DOUB_22"
cv_1857,FA942BAB4CFD,1AB1BF8BD,Line,"DR_2D_DOUB_22"
cv_1858,FA942BAB4CFE,1AB1BF8BD,Line,"DR_2D_DOUB_22"
cv_1859,FA942BAB4D01,1AB1BF8BD,Line,"DR_2D_DOUB_22"
cv_1860,FA942BAB4D02,1AB1BF8BD,Line,"DR_2D_DOUB_22"
cv_1861,FA942BAB4D03,1AB1BF8BD,Line,"DR_2D_DOUB_22"
cv_1862,FA942BAB4D04,1AB1BF8BD,Line,"DR_2D_DOUB_22"
cv_1864,3EA46AC23A5D,,Line,""
cv_1865,3EA46AC23A96,,Line,""
cv_1866,3EA46AC23AE4,,Line,""
cv_1867,3EA46AC23B7E,,Line,""
cv_1869,3EA46AC23B11,,Solid,""
cv_1870,3EA46AC23B1A,,Solid,""
cv_1871,3EA46AC23BBD,,Solid,""
cv_1872,3EA46AC23D1B,,Solid,""
cv_1874,3EA46AC23AF8,,Polyline,""
cv_1875,3EA46AC23AFE,,Polyline,""
cv_1876,3EA46AC23B07,,Polyline,""
cv_1877,3EA46AC23B0B,,Polyline,""
cv_1878,3EA46AC23B12,,Polyline,""
cv_1879,3EA46AC23BB7,,Polyline,""
cv_1880,3EA46AC23BBE,,Polyline,""
cv_1881,3EA46AC23CEF,,Polyline,""
cv_1882,3EA46AC23CF3,,Polyline,""
cv_1883,3EA46AC23CFC,,Polyline,""
cv_1884,3EA46AC23D0F,,Polyline,""
cv_1885,3EA46AC23A7F,,Line,""
cv_1886,3EA46AC23A80,,Line,""
cv_1887,3EA46AC23A89,,Line,""
cv_1888,3EA46AC23A8A,,Line,""
cv_1889,3EA46AC23A8B,,Line,""
cv_1890,3EA46AC23A8C,,Line,""
cv_1891,3EA46AC23A90,,Line,""
cv_1892,3EA46AC23A91,,Line,""
cv_1893,3EA46AC23A92,,Line,""
cv_1894,3EA46AC23A93,,Line,""
cv_1895,3EA46AC23ABF,,Line,""
cv_1896,3EA46AC23AC2,,Line,""
cv_1897,3EA46AC23AC3,,Line,""
cv_1898,3EA46AC23AD3,,Line,""
cv_1899,3EA46AC23ADA,,Line,""
cv_1900,3EA46AC23ADB,,Line,""
cv_1901,3EA46AC23ADC,,Line,""
cv_1902,3EA46AC23ADD,,Line,""
cv_1903,3EA46AC23ADE,,Line,""
cv_1904,3EA46AC23ADF,,Line,""
cv_1905,3EA46AC23AE0,,Line,""
cv_1906,3EA46AC23AE1,,Line,""
cv_1907,3EA46AC23AE2,,Line,""
cv_1908,3EA46AC23AE3,,Line,""
cv_1909,3EA46AC23AE8,,Line,""
cv_1910,3EA46AC23AE9,,Line,""
cv_1911,3EA46AC23AEC,,Line,""
cv_1912,3EA46AC23AED,,Line,""
cv_1913,3EA46AC23AEE,,Line,""
cv_1914,3EA46AC23AEF,,Line,""
cv_1915,3EA46AC23AF0,,Line,""
cv_1916,3EA46AC23AF1,,Line,""
cv_1917,3EA46AC23AF2,,Line,""
cv_1918,3EA46AC23AF3,,Line,""
cv_1919,3EA46AC23AF4,,Line,""
cv_1920,3EA46AC23AF5,,Line,""
cv_1921,3EA46AC23AF6,,Line,""
cv_1922,3EA46AC23AF7,,Line,""
cv_1923,3EA46AC23B04,,Line,""
cv_1924,3EA46AC23B05,,Line,""
cv_1925,3EA46AC23B18,,Line,""
cv_1926,3EA46AC23B19,,Line,""
cv_1927,3EA46AC23B72,,Line,""
cv_1928,3EA46AC23B73,,Line,""
cv_1929,3EA46AC23B74,,Line,""
cv_1930,3EA46AC23B75,,Line,""
cv_1931,3EA46AC23B76,,Line,""
cv_1932,3EA46AC23B77,,Line,""
cv_1933,3EA46AC23B78,,Line,""
cv_1934,3EA46AC23B79,,Line,""
cv_1935,3EA46AC23B7A,,Line,""
cv_1936,3EA46AC23B7B,,Line,""
cv_1937,3EA46AC23B7C,,Line,""
cv_1938,3EA46AC23BB5,,Line,""
cv_1939,3EA46AC23BB6,,Line,""
cv_1940,3EA46AC23BCA,,Line,""
cv_1941,3EA46AC23BCB,,Line,""
cv_1942,3EA46AC23C2B,,Line,""
cv_1943,3EA46AC23C2C,,Line,""
cv_1944,3EA46AC23C2D,,Line,""
cv_1945,3EA46AC23C2E,,Line,""
cv_1946,3EA46AC23C2F,,Line,""
cv_1947,3EA46AC23C30,,Line,""
cv_1948,3EA46AC23C31,,Line,""
cv_1949,3EA46AC23C32,,Line,""
cv_1950,3EA46AC23C33,,Line,""
cv_1951,3EA46AC23C34,,Line,""
cv_1952,3EA46AC23C35,,Line,""
cv_1953,3EA46AC23C36,,Line,""
cv_1954,3EA46AC23C37,,Line,""
cv_1955,3EA46AC23C38,,Line,""
cv_1956,3EA46AC23C39,,Line,""
cv_1957,3EA46AC23C3A,,Line,""
cv_1958,3EA46AC23C3B,,Line,""
cv_1959,3EA46AC23C3C,,Line,""
cv_1960,3EA46AC23C3D,,Line,""
cv_1961,3EA46AC23C3E,,Line,""
cv_1962,3EA46AC23C3F,,Line,""
cv_1963,3EA46AC23C40,,Line,""
cv_1964,3EA46AC23C41,,Line,""
cv_1965,3EA46AC23CD8,,Line,""
cv_1966,3EA46AC23CD9,,Line,""
cv_1967,3EA46AC23CDA,,Line,""
cv_1968,3EA46AC23CDB,,Line,""
cv_1969,3EA46AC23CDC,,Line,""
cv_1970,3EA46AC23CDD,,Line,""
cv_1971,3EA46AC23CDE,,Line,""
cv_1972,3EA46AC23CDF,,Line,""
cv_1973,3EA46AC23CE1,,Line,""
cv_1974,3EA46AC23CE2,,Line,""
cv_1975,3EA46AC23CE3,,Line,""
cv_1976,3EA46AC23CE4,,Line,""
cv_1977,3EA46AC23CE5,,Line,""
cv_1978,3EA46AC23CE6,,Line,""
cv_1979,3EA46AC23CE8,,Line,""
cv_1980,3EA46AC23CE9,,Line,""
cv_1981,3EA46AC23CEA,,Line,""
cv_1982,3EA46AC23CEB,,Line,""
cv_1983,3EA46AC23CEC,,Line,""
cv_1984,3EA46AC23CED,,Line,""
cv_1985,3EA46AC23CEE,,Line,""
cv_1986,3EA46AC23D01,,Line,""
cv_1987,3EA46AC23D02,,Line,""
cv_1988,3EA46AC23D03,,Line,""
cv_1989,3EA46AC23D04,,Line,""
cv_1990,3EA46AC23D05,,Line,""
cv_1991,3EA46AC23D06,,Line,""
cv_1992,3EA46AC23D07,,Line,""
cv_1993,3EA46AC23D08,,Line,""
cv_1994,3EA46AC23D09,,Line,""
cv_1995,3EA46AC23D0A,,Line,""
cv_1996,3EA46AC23D0B,,Line,""
cv_1997,3EA46AC23D0C,,Line,""
cv_1998,3EA46AC23D0D,,Line,""
cv_1999,3EA46AC23D0E,,Line,""
cv_2000,3EA46AC23D15,,Line,""
cv_2001,3EA46AC23D16,,Line,""
cv_2002,3EA46AC23D17,,Line,""
cv_2003,3EA46AC23D18,,Line,""
cv_2004,3EA46AC23D19,,Line,""
cv_2005,3EA46AC23D1A,,Line,""
cv_2006,3EA46AC23D1C,,Line,""
cv_2007,3EA46AC23D1D,,Line,""
cv_2008,3EA46AC23D1E,,Line,""
cv_2009,FA942BAB66EB,,Line,""
cv_2010,3EA46AC23AD6,,Polyline,""
cv_2011,3EA46AC23AC4,,Text,""
cv_2012,3EA46AC23B06,,Text,""
cv_2013,3EA46AC23CE0,,Text,""
cv_2014,3EA46AC23CFB,,Text,""
cv_2015,3EA46AC23D00,,Text,""
cv_2017,3EA46AC23A94,,Line,""
cv_2018,3EA46AC23A97,,Line,""
cv_2019,3EA46AC23AE5,,Line,""
cv_2020,3EA46AC23AE6,,Line,""
cv_2021,3EA46AC23B7D,,Line,""
cv_2022,3EA46AC23B7F,,Line,""
cv_2024,FA942BAB4CA4,3EA46AC239E7,Line,"WNV_23"
cv_2025,FA942BAB4CA5,3EA46AC239E7,Line,"WNV_23"
cv_2026,FA942BAB4CA6,3EA46AC239E7,Line,"WNV_23"
cv_2028,FA942BAB4CA7,3EA46AC239E7,Line,"WNV_23"
cv_2030,FA942BAB4C9E,3EA46AC239FD,Line,"WNH_24"
cv_2032,FA942BAB4C9F,3EA46AC239FD,Line,"WNH_24"
cv_2033,FA942BAB4CA0,3EA46AC239FD,Line,"WNH_24"
cv_2034,FA942BAB4CA1,3EA46AC239FD,Line,"WNH_24"
cv_2036,FA942BAB4C9E,3EA46AC23A18,Line,"WNH_25"
cv_2038,FA942BAB4C9F,3EA46AC23A18,Line,"WNH_25"
cv_2039,FA942BAB4CA0,3EA46AC23A18,Line,"WNH_25"
cv_2040,FA942BAB4CA1,3EA46AC23A18,Line,"WNH_25"
cv_2042,FA942BAB4C9E,3EA46AC23A44,Line,"WNH_26"
cv_2044,FA942BAB4C9F,3EA46AC23A44,Line,"WNH_26"
cv_2045,FA942BAB4CA0,3EA46AC23A44,Line,"WNH_26"
cv_2046,FA942BAB4CA1,3EA46AC23A44,Line,"WNH_26"
cv_2048,FA942BAB4C9E,3EA46AC23A45,Line,"WNH_27"
cv_2050,FA942BAB4C9F,3EA46AC23A45,Line,"WNH_27"
cv_2051,FA942BAB4CA0,3EA46AC23A45,Line,"WNH_27"
cv_2052,FA942BAB4CA1,3EA46AC23A45,Line,"WNH_27"
cv_2054,FA942BAB4C9E,3EA46AC23A46,Line,"WNH_28"
cv_2056,FA942BAB4C9F,3EA46AC23A46,Line,"WNH_28"
cv_2057,FA942BAB4CA0,3EA46AC23A46,Line,"WNH_28"
cv_2058,FA942BAB4CA1,3EA46AC23A46,Line,"WNH_28"
cv_2060,FA942BAB4CA4,3EA46AC23AA0,Line,"WNV_29"
cv_2061,FA942BAB4CA5,3EA46AC23AA0,Line,"WNV_29"
cv_2062,FA942BAB4CA6,3EA46AC23AA0,Line,"WNV_29"
cv_2064,FA942BAB4CA7,3EA46AC23AA0,Line,"WNV_29"
cv_2066,FA942BAB4CA4,3EA46AC23AA1,Line,"WNV_30"
cv_2067,FA942BAB4CA5,3EA46AC23AA1,Line,"WNV_30"
cv_2068,FA942BAB4CA6,3EA46AC23AA1,Line,"WNV_30"
cv_2070,FA942BAB4CA7,3EA46AC23AA1,Line,"WNV_30"
cv_2072,FA942BAB4C9E,3EA46AC23B9A,Line,"WNH_31"
cv_2074,FA942BAB4C9F,3EA46AC23B9A,Line,"WNH_31"
cv_2075,FA942BAB4CA0,3EA46AC23B9A,Line,"WNH_31"
cv_2076,FA942BAB4CA1,3EA46AC23B9A,Line,"WNH_31"
cv_2078,FA942BAB4C9E,3EA46AC23B9B,Line,"WNH_32"
cv_2080,FA942BAB4C9F,3EA46AC23B9B,Line,"WNH_32"
cv_2081,FA942BAB4CA0,3EA46AC23B9B,Line,"WNH_32"
cv_2082,FA942BAB4CA1,3EA46AC23B9B,Line,"WNH_32"
cv_2084,FA942BAB4C9E,3EA46AC23B9C,Line,"WNH_33"
cv_2086,FA942BAB4C9F,3EA46AC23B9C,Line,"WNH_33"
cv_2087,FA942BAB4CA0,3EA46AC23B9C,Line,"WNH_33"
cv_2088,FA942BAB4CA1,3EA46AC23B9C,Line,"WNH_33"
cv_2090,FA942BAB4CA4,3EA46AC23BCC,Line,"WNV_34"
cv_2091,FA942BAB4CA5,3EA46AC23BCC,Line,"WNV_34"
cv_2092,FA942BAB4CA6,3EA46AC23BCC,Line,"WNV_34"
cv_2094,FA942BAB4CA7,3EA46AC23BCC,Line,"WNV_34"
cv_2096,FA942BAB4C9E,3EA46AC23BCD,Line,"WNH_35"
cv_2098,FA942BAB4C9F,3EA46AC23BCD,Line,"WNH_35"
cv_2099,FA942BAB4CA0,3EA46AC23BCD,Line,"WNH_35"
cv_2100,FA942BAB4CA1,3EA46AC23BCD,Line,"WNH_35"
cv_2102,FA942BAB4C9E,3EA46AC23BCE,Line,"WNH_36"
cv_2104,FA942BAB4C9F,3EA46AC23BCE,Line,"WNH_36"
cv_2105,FA942BAB4CA0,3EA46AC23BCE,Line,"WNH_36"
cv_2106,FA942BAB4CA1,3EA46AC23BCE,Line,"WNH_36"
cv_2108,FA942BAB4C9E,3EA46AC23BDD,Line,"WNH_37"
cv_2110,FA942BAB4C9F,3EA46AC23BDD,Line,"WNH_37"
cv_2111,FA942BAB4CA0,3EA46AC23BDD,Line,"WNH_37"
cv_2112,FA942BAB4CA1,3EA46AC23BDD,Line,"WNH_37"
cv_2114,FA942BAB4C9E,3EA46AC23BE0,Line,"WNH_38"
cv_2116,FA942BAB4C9F,3EA46AC23BE0,Line,"WNH_38"
cv_2117,FA942BAB4CA0,3EA46AC23BE0,Line,"WNH_38"
cv_2118,FA942BAB4CA1,3EA46AC23BE0,Line,"WNH_38"
cv_2120,FA942BAB4C9E,3EA46AC23C19,Line,"WNH_39"
cv_2122,FA942BAB4C9F,3EA46AC23C19,Line,"WNH_39"
cv_2123,FA942BAB4CA0,3EA46AC23C19,Line,"WNH_39"
cv_2124,FA942BAB4CA1,3EA46AC23C19,Line,"WNH_39"
cv_2126,FA942BAB4C9E,3EA46AC23C28,Line,"WNH_40"
cv_2128,FA942BAB4C9F,3EA46AC23C28,Line,"WNH_40"
cv_2129,FA942BAB4CA0,3EA46AC23C28,Line,"WNH_40"
cv_2130,FA942BAB4CA1,3EA46AC23C28,Line,"WNH_40"
cv_2132,FA942BAB4C9E,3EA46AC23C74,Line,"WNH_41"
cv_2134,FA942BAB4C9F,3EA46AC23C74,Line,"WNH_41"
cv_2135,FA942BAB4CA0,3EA46AC23C74,Line,"WNH_41"
cv_2136,FA942BAB4CA1,3EA46AC23C74,Line,"WNH_41"
cv_2138,FA942BAB4C9E,3EA46AC23C75,Line,"WNH_42"
cv_2140,FA942BAB4C9F,3EA46AC23C75,Line,"WNH_42"
cv_2141,FA942BAB4CA0,3EA46AC23C75,Line,"WNH_42"
cv_2142,FA942BAB4CA1,3EA46AC23C75,Line,"WNH_42"
cv_2144,FA942BAB4C9E,3EA46AC23C7C,Line,"WNH_43"
cv_2146,FA942BAB4C9F,3EA46AC23C7C,Line,"WNH_43"
cv_2147,FA942BAB4CA0,3EA46AC23C7C,Line,"WNH_43"
cv_2148,FA942BAB4CA1,3EA46AC23C7C,Line,"WNH_43"
cv_2150,FA942BAB4C9E,3EA46AC23C96,Line,"WNH_44"
cv_2152,FA942BAB4C9F,3EA46AC23C96,Line,"WNH_44"
cv_2153,FA942BAB4CA0,3EA46AC23C96,Line,"WNH_44"
cv_2154,FA942BAB4CA1,3EA46AC23C96,Line,"WNH_44"
cv_2156,FA942BAB4C9E,3EA46AC23D30,Line,"WNH_45"
cv_2158,FA942BAB4C9F,3EA46AC23D30,Line,"WNH_45"
cv_2159,FA942BAB4CA0,3EA46AC23D30,Line,"WNH_45"
cv_2160,FA942BAB4CA1,3EA46AC23D30,Line,"WNH_45"
cv_2162,FA942BAB4C9E,3EA46AC23D41,Line,"WNH_46"
cv_2164,FA942BAB4C9F,3EA46AC23D41,Line,"WNH_46"
cv_2165,FA942BAB4CA0,3EA46AC23D41,Line,"WNH_46"
cv_2166,FA942BAB4CA1,3EA46AC23D41,Line,"WNH_46"
cv_2168,FA942BAB4C9E,3EA46AC23D43,Line,"WNH_47"
cv_2170,FA942BAB4C9F,3EA46AC23D43,Line,"WNH_47"
cv_2171,FA942BAB4CA0,3EA46AC23D43,Line,"WNH_47"
cv_2172,FA942BAB4CA1,3EA46AC23D43,Line,"WNH_47"
cv_2174,FA942BAB4C9E,3EA46AC23D6B,Line,"WNH_48"
cv_2176,FA942BAB4C9F,3EA46AC23D6B,Line,"WNH_48"
cv_2177,FA942BAB4CA0,3EA46AC23D6B,Line,"WNH_48"
cv_2178,FA942BAB4CA1,3EA46AC23D6B,Line,"WNH_48"
cv_2180,FA942BAB4C9E,3EA46AC23D7A,Line,"WNH_49"
cv_2182,FA942BAB4C9F,3EA46AC23D7A,Line,"WNH_49"
cv_2183,FA942BAB4CA0,3EA46AC23D7A,Line,"WNH_49"
cv_2184,FA942BAB4CA1,3EA46AC23D7A,Line,"WNH_49"
cv_2186,FA942BAB4CA4,3EA46AC23D8F,Line,"WNV_50"
cv_2187,FA942BAB4CA5,3EA46AC23D8F,Line,"WNV_50"
cv_2188,FA942BAB4CA6,3EA46AC23D8F,Line,"WNV_50"
cv_2190,FA942BAB4CA7,3EA46AC23D8F,Line,"WNV_50"
cv_2192,FA942BAB4CA4,3EA46AC23D90,Line,"WNV_51"
cv_2193,FA942BAB4CA5,3EA46AC23D90,Line,"WNV_51"
cv_2194,FA942BAB4CA6,3EA46AC23D90,Line,"WNV_51"
cv_2196,FA942BAB4CA7,3EA46AC23D90,Line,"WNV_51"
cv_2198,FA942BAB4CA4,3EA46AC23D91,Line,"WNV_52"
cv_2199,FA942BAB4CA5,3EA46AC23D91,Line,"WNV_52"
cv_2200,FA942BAB4CA6,3EA46AC23D91,Line,"WNV_52"
cv_2202,FA942BAB4CA7,3EA46AC23D91,Line,"WNV_52"
cv_2204,FA942BAB4C9E,3EA46AC23DCA,Line,"WNH_53"
cv_2206,FA942BAB4C9F,3EA46AC23DCA,Line,"WNH_53"
cv_2207,FA942BAB4CA0,3EA46AC23DCA,Line,"WNH_53"
cv_2208,FA942BAB4CA1,3EA46AC23DCA,Line,"WNH_53"
cv_2210,FA942BAB4C9E,3EA46AC23DE8,Line,"WNH_54"
cv_2212,FA942BAB4C9F,3EA46AC23DE8,Line,"WNH_54"
cv_2213,FA942BAB4CA0,3EA46AC23DE8,Line,"WNH_54"
cv_2214,FA942BAB4CA1,3EA46AC23DE8,Line,"WNH_54"
cv_2216,FA942BAB4C9E,3EA46AC23DE9,Line,"WNH_55"
cv_2218,FA942BAB4C9F,3EA46AC23DE9,Line,"WNH_55"
cv_2219,FA942BAB4CA0,3EA46AC23DE9,Line,"WNH_55"
cv_2220,FA942BAB4CA1,3EA46AC23DE9,Line,"WNH_55"
cv_2221,FA942BAB7485,,Text,""
cv_2222,FA942BAB7486,,Text,""
cv_2223,FA942BAB7487,,Text,""
cv_2224,FA942BAB7488,,Text,""
cv_2225,FA942BAB7489,,Text,""
cv_2226,FA942BAB748A,,Text,""
cv_2227,FA942BAB748B,,Text,""
cv_2228,FA942BAB748C,,Text,""
cv_2229,FA942BAB748D,,Text,""
cv_2230,FA942BAB7495,,Text,""
cv_2231,FA942BAB7496,,Text,""
cv_2232,FA942BAB7497,,Text,""
cv_2233,FA942BAB7498,,Text,""
cv_2234,FA942BAB7499,,Text,""
cv_2235,FA942BAB749A,,Text,""
cv_2236,FA942BAB74FB,,Text,""
cv_2237,FA942BAB74FC,,Text,""
cv_2238,FA942BAB74FD,,Text,""
cv_2239,FA942BAB7576,,Text,""
cv_2240,FA942BAB7577,,Text,""
cv_2241,FA942BAB7578,,Text,""
cv_2242,FA942BAB759B,,Text,""
cv_2243,FA942BAB759C,,Text,""
cv_2244,FA942BAB759D,,Text,""
cv_2245,FA942BAB75DF,,Text,""
cv_2246,FA942BAB75E0,,Text,""
cv_2247,FA942BAB75E1,,Text,""
cv_2248,FA942BAB75FB,,Text,""
cv_2249,FA942BAB75FC,,Text,""
cv_2250,FA942BAB75FD,,Text,""
cv_2251,FA942BAB7601,,Text,""
cv_2252,FA942BAB7602,,Text,""
cv_2253,FA942BAB7603,,Text,""
cv_2254,FA942BAB7615,,Text,""
cv_2255,FA942BAB7616,,Text,""
cv_2256,FA942BAB7617,,Text,""
cv_2257,FA942BAB7618,,Text,""
cv_2258,FA942BAB7619,,Text,""
cv_2259,FA942BAB761A,,Text,""
cv_2260,FA942BAB761B,,Text,""
cv_2261,FA942BAB761C,,Text,""
cv_2262,FA942BAB761D,,Text,""
cv_2263,FA942BAB762D,,Text,""
cv_2264,FA942BAB762E,,Text,""
cv_2265,FA942BAB762F,,Text,""
cv_2266,FA942BAB764E,,Text,""
cv_2267,FA942BAB764F,,Text,""
cv_2268,FA942BAB7650,,Text,""
cv_2269,FA942BAB840E,,Text,""
cv_2270,FA942BAB840F,,Text,""
cv_2271,FA942BAB8410,,Text,""
cv_2272,FA942BAB8411,,Text,""
cv_2273,FA942BAB8412,,Text,""
cv_2274,FA942BAB8413,,Text,""
cv_2275,FA942BAB8414,,Text,""
cv_2276,FA942BAB8415,,Text,""
cv_2277,FA942BAB8416,,Text,""
cv_2278,FA942BAB841A,,Text,""
cv_2279,FA942BAB841B,,Text,""
cv_2280,FA942BAB841C,,Text,""
cv_2281,FA942BAB841D,,Text,""
cv_2282,FA942BAB841E,,Text,""
cv_2283,FA942BAB841F,,Text,""
cv_2284,FA942BAB8420,,Text,""
cv_2285,FA942BAB8421,,Text,""
cv_2286,FA942BAB8422,,Text,""
cv_2287,FA942BAB8423,,Text,""
cv_2288,FA942BAB8424,,Text,""
cv_2289,FA942BAB8425,,Text,""
cv_2290,FA942BAB8426,,Text,""
cv_2291,FA942BAB8427,,Text,""
cv_2292,FA942BAB8428,,Text,""
cv_2293,FA942BAB8429,,Text,""
cv_2294,FA942BAB842A,,Text,""
cv_2295,FA942BAB842B,,Text,""
cv_2296,FA942BAB843A,,Text,""
cv_2297,FA942BAB843B,,Text,""
cv_2298,FA942BAB843C,,Text,""
cv_2299,FA942BAB843D,,Text,""
cv_2300,FA942BAB843E,,Text,""
cv_2301,FA942BAB843F,,Text,""
cv_2302,FA942BAB8440,,Text,""
cv_2303,FA942BAB8441,,Text,""
cv_2304,FA942BAB8442,,Text,""
cv_2305,FA942BAB8447,,Text,""
cv_2306,FA942BAB8448,,Text,""
cv_2307,FA942BAB8449,,Text,""
cv_2308,FA942BAB8474,,Text,""
cv_2309,FA942BAB8475,,Text,""
cv_2310,FA942BAB8476,,Text,""
cv_2311,FA942BAB8477,,Text,""
cv_2312,FA942BAB8478,,Text,""
cv_2313,FA942BAB8479,,Text,""
cv_2314,FA942BAB8481,,Text,""
cv_2315,FA942BAB8482,,Text,""
cv_2316,FA942BAB8483,,Text,""
cv_2317,FA942BAB8484,,Text,""
cv_2318,FA942BAB8485,,Text,""
cv_2319,FA942BAB8486,,Text,""
cv_2320,FA942BAB8487,,Text,""
cv_2321,FA942BAB8488,,Text,""
cv_2322,FA942BAB8489,,Text,""
cv_2323,FA942BAB848A,,Text,""
cv_2324,FA942BAB848B,,Text,""
cv_2325,FA942BAB848C,,Text,""
cv_2326,FA942BAB848D,,Text,""
cv_2327,FA942BAB848E,,Text,""
cv_2328,FA942BAB848F,,Text,""
cv_2329,FA942BAB8490,,Text,""
cv_2330,FA942BAB8491,,Text,""
cv_2331,FA942BAB8492,,Text,""
cv_2332,FA942BAB74FE,,Text,""
cv_2333,FA942BAB74FF,,Text,""
cv_2334,FA942BAB7500,,Text,""
cv_2335,FA942BAB7501,,Text,""
cv_2336,FA942BAB7502,,Text,""
cv_2337,FA942BAB7503,,Text,""
cv_2338,FA942BAB7530,,Text,""
cv_2339,FA942BAB7531,,Text,""
cv_2340,FA942BAB7532,,Text,""
cv_2341,FA942BAB7546,,Text,""
cv_2342,FA942BAB7547,,Text,""
cv_2343,FA942BAB7548,,Text,""
cv_2344,FA942BAB7573,,Text,""
cv_2345,FA942BAB7574,,Text,""
cv_2346,FA942BAB7575,,Text,""
cv_2347,FA942BAB75B7,,Text,""
cv_2348,FA942BAB75B8,,Text,""
cv_2349,FA942BAB75B9,,Text,""
cv_2350,FA942BAB75D9,,Text,""
cv_2351,FA942BAB75DA,,Text,""
cv_2352,FA942BAB75DB,,Text,""
cv_2353,FA942BAB75FE,,Text,""
cv_2354,FA942BAB75FF,,Text,""
cv_2355,FA942BAB7600,,Text,""
cv_2356,FA942BAB762A,,Text,""
cv_2357,FA942BAB762B,,Text,""
cv_2358,FA942BAB762C,,Text,""
cv_2359,FA942BAB7651,,Text,""
cv_2360,FA942BAB7652,,Text,""
cv_2361,FA942BAB7653,,Text,""
cv_2362,FA942BAB75DC,,Text,""
cv_2363,FA942BAB75DD,,Text,""
cv_2364,FA942BAB75DE,,Text,""
cv_2365,FA942BAB7665,,Text,""
cv_2366,FA942BAB7666,,Text,""
cv_2367,FA942BAB7667,,Text,""
cv_2369,FA942BAB4CAA,3EA46AC23999,Polyline,"ELEV_56"
cv_2370,FA942BAB4CB0,3EA46AC23999,Line,"ELEV_56"
cv_2371,FA942BAB4CB1,3EA46AC23999,Line,"ELEV_56"
cv_2373,FA942BAB4CAA,3EA46AC239CD,Polyline,"ELEV_57"
cv_2374,FA942BAB4CB0,3EA46AC239CD,Line,"ELEV_57"
cv_2375,FA942BAB4CB1,3EA46AC239CD,Line,"ELEV_57"
cv_2377,FA942BAB4CAA,3EA46AC239FC,Polyline,"ELEV_58"
cv_2378,FA942BAB4CB0,3EA46AC239FC,Line,"ELEV_58"
cv_2379,FA942BAB4CB1,3EA46AC239FC,Line,"ELEV_58"
cv_2381,FA942BAB4CAA,3EA46AC23B2A,Polyline,"ELEV_59"
cv_2382,FA942BAB4CB0,3EA46AC23B2A,Line,"ELEV_59"
cv_2383,FA942BAB4CB1,3EA46AC23B2A,Line,"ELEV_59"
cv_2385,FA942BAB4CAA,3EA46AC23BA9,Polyline,"ELEV_60"
cv_2386,FA942BAB4CB0,3EA46AC23BA9,Line,"ELEV_60"
cv_2387,FA942BAB4CB1,3EA46AC23BA9,Line,"ELEV_60"
cv_2389,FA942BAB4CAA,3EA46AC23BAE,Polyline,"ELEV_61"
cv_2390,FA942BAB4CB0,3EA46AC23BAE,Line,"ELEV_61"
cv_2391,FA942BAB4CB1,3EA46AC23BAE,Line,"ELEV_61"
cv_2393,FA942BAB4CAA,3EA46AC23CA6,Polyline,"ELEV_62"
cv_2394,FA942BAB4CB0,3EA46AC23CA6,Line,"ELEV_62"
cv_2395,FA942BAB4CB1,3EA46AC23CA6,Line,"ELEV_62"
cv_2397,FA942BAB4CAA,3EA46AC23CAB,Polyline,"ELEV_63"
cv_2398,FA942BAB4CB0,3EA46AC23CAB,Line,"ELEV_63"
cv_2399,FA942BAB4CB1,3EA46AC23CAB,Line,"ELEV_63"
